timestamp,tx,ty,tz,rx,ry,rz
1495232668038496000,13.8853979111,-44.5126647949,-1.93010997772,0.0465737979939,0.0100204321139,-2.19516416003
1495232668138585000,13.8716468811,-44.5082206726,-1.9246506691,0.0463959143478,0.00942328362297,-2.19370689471
1495232668238671000,13.8768815994,-44.5208778381,-1.92404842377,0.0460088426805,0.00940915669588,-2.194183986
1495232668338779000,13.8725948334,-44.5128517151,-1.92855906487,0.0467477158068,0.00952031502403,-2.19383239953
1495232668438842000,13.8772335052,-44.518497467,-1.92263507843,0.0463325709313,0.00982400930769,-2.19394090625
1495232668538929000,13.8834161758,-44.5002822876,-1.92953753471,0.0462572136226,0.0100237366124,-2.19403233661
1495232668639057000,13.8804998398,-44.5074806213,-1.92190361023,0.0463826819158,0.00967870210758,-2.1940152112
1495232668739104000,13.8732595444,-44.5125770569,-1.93359434605,0.0466200293225,0.00889617018013,-2.19331981017
1495232668839191000,13.8706951141,-44.5147819519,-1.91612076759,0.0458572163864,0.00940352660184,-2.19432219648
1495232668939292000,13.8532562256,-44.5197296143,-1.92202627659,0.0461152649591,0.00847847114186,-2.19325378072
1495232669039363000,13.8528308868,-44.5305290222,-1.91492772102,0.0459632714379,0.00897564124567,-2.19392287398
1495232669139453000,13.8344936371,-44.5471458435,-1.92518210411,0.0462623885819,0.00756717989616,-2.19325468612
1495232669239548000,13.8297023773,-44.5574760437,-1.92405319214,0.0468014882533,0.00817058199333,-2.19296060999
1495232669339622000,13.8042678833,-44.5632820129,-1.92530679703,0.0462162117966,0.00794541813716,-2.19271336821
1495232669439733000,13.7948131561,-44.5917243958,-1.92737221718,0.0456521263765,0.00782536878758,-2.19203718172
1495232669539794000,13.7792491913,-44.6045722961,-1.92589318752,0.0464077398309,0.00740383996666,-2.19035626438
1495232669639881000,13.7470588684,-44.6360778809,-1.9287314415,0.0452059346387,0.00686740498955,-2.18939433928
1495232669739968000,13.7351703644,-44.655632019,-1.92443466187,0.0458389580706,0.00639086841781,-2.18770185815
1495232669840054000,13.7040920258,-44.6807365417,-1.93083143234,0.0450602705833,0.00634662038492,-2.18625938084
1495232669940141000,13.688293457,-44.7072906494,-1.92692995071,0.0461480281542,0.00548725721189,-2.18296200317
1495232670040240000,13.6460981369,-44.726272583,-1.93116164207,0.0450165441491,0.00513202900892,-2.18055474058
1495232670140320000,13.6125392914,-44.7496070862,-1.92917776108,0.0440269918981,0.00409175479749,-2.1766126544
1495232670240400000,13.5878715515,-44.7828063965,-1.93569457531,0.0451750733038,0.00379768740554,-2.17457271001
1495232670340486000,13.552075386,-44.8064346313,-1.92907094955,0.0449123635965,0.00250657165266,-2.16931833931
1495232670440574000,13.5231895447,-44.8381309509,-1.93561029434,0.0446538828237,0.00231473727104,-2.16575462248
1495232670540705000,13.477104187,-44.8720932007,-1.94157993793,0.0440558556977,0.00117004130655,-2.16001401903
1495232670640783000,13.4392557144,-44.9240112305,-1.93401837349,0.0434577670812,0.000203484670732,-2.15493418778
1495232670740858000,13.3854160309,-44.9632797241,-1.93491399288,0.0427795523056,-0.000323440885223,-2.1480491434
1495232670840943000,13.3507623672,-45.0234107971,-1.93022227287,0.0417452633692,-0.00106579458029,-2.14204296342
1495232670941029000,13.2941541672,-45.0707588196,-1.93376362324,0.0402895966112,-0.00213154753031,-2.13494960983
1495232671041118000,13.2665996552,-45.1280441284,-1.93347942829,0.0403217736912,-0.0032477752591,-2.12751166192
1495232671141190000,13.221162796,-45.1857948303,-1.93083453178,0.0397645874698,-0.00380664679346,-2.11829209218
1495232671241287000,13.1825523376,-45.2402305603,-1.94293522835,0.0398208350722,-0.00538033048849,-2.11048372916
1495232671341351000,13.1397762299,-45.2881240845,-1.93278467655,0.0398952558645,-0.00639470181986,-2.09918014345
1495232671441475000,13.0870485306,-45.369808197,-1.93969345093,0.039740815893,-0.00655664824147,-2.08820998657
1495232671541534000,13.036734581,-45.4141845703,-1.93795919418,0.0389455764319,-0.00744825410224,-2.07638601515
1495232671641631000,12.9861774445,-45.4910621643,-1.93896961212,0.0378814570041,-0.00806071304495,-2.06431460502
1495232671741707000,12.9462099075,-45.5927314758,-1.93834424019,0.0387500393305,-0.00956656288385,-2.05096939703
1495232671841810000,12.8816480637,-45.6812171936,-1.93907928467,0.0371273014599,-0.0107249382559,-2.03651122969
1495232671941871000,12.8071565628,-45.7563896179,-1.93900847435,0.0371382927513,-0.0122769876821,-2.02191554014
1495232672041967000,12.7661104202,-45.8279533386,-1.93800616264,0.0370905453816,-0.0131230460807,-2.00819024718
1495232672142039000,12.7287569046,-45.888835907,-1.95667219162,0.0375903446667,-0.0145905910586,-1.99317821852
1495232672242139000,12.6865062714,-45.9654312134,-1.94836342335,0.0366363495369,-0.0158693373081,-1.97701671494
1495232672342228000,12.6409225464,-46.0334815979,-1.95540690422,0.0380454211935,-0.0178222107139,-1.96075484628
1495232672442327000,12.5635061264,-46.1298828125,-1.94848847389,0.037008054249,-0.0183127140668,-1.94274700902
1495232672542392000,12.5430326462,-46.2317771912,-1.9395711422,0.0369940006156,-0.019721068964,-1.9251155341
1495232672642513000,12.4723539352,-46.3191261292,-1.94889092445,0.0369654405712,-0.0215410224161,-1.9065807638
1495232672742588000,12.4064350128,-46.4189224243,-1.93662011623,0.0364164536619,-0.0235676081095,-1.8859777557
1495232672842662000,12.3583278656,-46.5019073486,-1.94456911087,0.0377727120668,-0.0250034306818,-1.86598751086
1495232672942791000,12.2823638916,-46.6035346985,-1.93353009224,0.0377222333347,-0.0259951087336,-1.84513660108
1495232673042834000,12.1991987228,-46.7394180298,-1.93931031227,0.0381273951346,-0.0280986372104,-1.82426236728
1495232673142912000,12.135643959,-46.8259506226,-1.95245146751,0.0385520115886,-0.029164397196,-1.80323218768
1495232673243005000,12.0911521912,-46.9539413452,-1.95505809784,0.0380302683564,-0.0311531633676,-1.78132860669
1495232673343111000,12.0287075043,-47.029045105,-1.94539427757,0.0382796557465,-0.032838017303,-1.75732602481
1495232673443187000,11.9906663895,-47.1476631165,-1.94052755833,0.0370453101253,-0.0348612008592,-1.7353683485
1495232673543251000,11.9201250076,-47.247543335,-1.95763874054,0.0353903538284,-0.0349067553465,-1.71379918353
1495232673643353000,11.8727903366,-47.3507843018,-1.95151782036,0.0334305694081,-0.0357672758506,-1.69232085374
1495232673743439000,11.8285083771,-47.4652366638,-1.94774878025,0.0312626987204,-0.0376464272742,-1.66857465078
1495232673843523000,11.7982234955,-47.5904693604,-1.92923307419,0.0286307338603,-0.0376822266265,-1.64831768453
1495232673943629000,11.7677898407,-47.7288703918,-1.91885972023,0.0284521988705,-0.0387947410647,-1.6260486127
1495232674043730000,11.7425069809,-47.8858985901,-1.93024492264,0.0289960291712,-0.038525588892,-1.60716017664
1495232674143785000,11.7141914368,-48.0171012878,-1.92131888866,0.0273099271214,-0.0374342528878,-1.58679872308
1495232674243869000,11.7145614624,-48.1443519592,-1.92716729641,0.0267911337338,-0.0378481128745,-1.56729827889
1495232674343971000,11.7048311234,-48.2748069763,-1.91372990608,0.0257931718781,-0.0373571823532,-1.54813265882
1495232674444053000,11.69328022,-48.412651062,-1.91040492058,0.0232369374845,-0.036348519566,-1.52856142587
1495232674544137000,11.6929569244,-48.5617752075,-1.90773749352,0.0217919652443,-0.0375798837768,-1.51024699073
1495232674644254000,11.6703128815,-48.6779556274,-1.90445446968,0.020626751258,-0.0368473868767,-1.49184149228
1495232674744314000,11.6712064743,-48.7973709106,-1.90312719345,0.0190219479071,-0.0361146078103,-1.47393281638
1495232674844394000,11.6766958237,-48.9084587097,-1.91275572777,0.0188396615948,-0.0331923812155,-1.45695810875
1495232674944461000,11.6631526947,-49.0654029846,-1.90450036526,0.0181121174067,-0.0355079390119,-1.43980413217
1495232675044549000,11.6523513794,-49.2038879395,-1.88574433327,0.0177212972731,-0.0352759540191,-1.42306717561
1495232675144636000,11.6570634842,-49.3301544189,-1.89974033833,0.0185383687697,-0.03564014753,-1.40612492093
1495232675244735000,11.6858863831,-49.4715881348,-1.88528573513,0.0177355309909,-0.0357192224405,-1.3896409257
1495232675344839000,11.7070474625,-49.6103782654,-1.89412093163,0.0179539136268,-0.0361856508083,-1.37369703378
1495232675444921000,11.7112579346,-49.7400856018,-1.89297890663,0.0177698906712,-0.0383139367972,-1.35619098005
1495232675544996000,11.7029161453,-49.8523292542,-1.89956772327,0.016964338134,-0.0367088837796,-1.34148468791
1495232675645102000,11.7136068344,-50.0297775269,-1.88310170174,0.0163619738002,-0.0374360050018,-1.32403857222
1495232675745152000,11.713845253,-50.1791954041,-1.87127840519,0.0153286147806,-0.0370738081972,-1.30682621882
1495232675845251000,11.7363262177,-50.3160362244,-1.85529971123,0.015850680143,-0.0383367485998,-1.29024957459
1495232675945348000,11.7519931793,-50.4684791565,-1.86347806454,0.0163901195442,-0.0385154970448,-1.2744456824
1495232676045413000,11.781332016,-50.5837745667,-1.86081981659,0.0152197410953,-0.0380629672742,-1.25893399757
1495232676145526000,11.7987689972,-50.7092781067,-1.86283636093,0.0137645837167,-0.039231248826,-1.24217635013
1495232676245588000,11.832862854,-50.8193626404,-1.85313153267,0.0137914313672,-0.0384755248684,-1.22884402961
1495232676345685000,11.8255252838,-50.9723968506,-1.84410130978,0.0122458405971,-0.0382455760692,-1.21168084308
1495232676445799000,11.8382844925,-51.0990409851,-1.83945500851,0.012756039427,-0.0386982693205,-1.19589450484
1495232676545893000,11.8673305511,-51.2152633667,-1.84282016754,0.0122918907628,-0.0387713398205,-1.17961667848
1495232676645931000,11.8895931244,-51.3705368042,-1.83725714684,0.0121057118517,-0.0387982939398,-1.1647939105
1495232676746033000,11.8931388855,-51.4912414551,-1.83337473869,0.0113410914883,-0.0383057537808,-1.15049374969
1495232676846127000,11.9042415619,-51.6396598816,-1.8284034729,0.0109074743777,-0.0393453903954,-1.13647846085
1495232676946203000,11.9378557205,-51.7441673279,-1.82934260368,0.0105686824104,-0.0403798610831,-1.12300674667
1495232677046291000,11.9754133224,-51.879119873,-1.83846068382,0.00976262230931,-0.0400067289455,-1.10946455435
1495232677146375000,12.0137767792,-52.0084915161,-1.8284817934,0.00892752557321,-0.0400992946922,-1.09800206559
1495232677246476000,12.0677070618,-52.1298751831,-1.8374979496,0.00780916981628,-0.0398321568751,-1.08748472361
1495232677346586000,12.0910425186,-52.2465133667,-1.83630049229,0.00666944024707,-0.0406163874369,-1.07664809009
1495232677446669000,12.1448221207,-52.3837165833,-1.82894706726,0.00580704870549,-0.0403387525565,-1.06734440346
1495232677546739000,12.2134962082,-52.5151290894,-1.8188239336,0.00585007420122,-0.0412973418035,-1.05803823027
1495232677646807000,12.2651433945,-52.6609382629,-1.81342709064,0.00381200295239,-0.0415169421831,-1.04937624597
1495232677746944000,12.3146829605,-52.7962837219,-1.80696618557,0.00340318585731,-0.0416427869513,-1.04034591781
1495232677846996000,12.3934116364,-52.934677124,-1.78752434254,0.00371099155428,-0.0424862533612,-1.03294543923
1495232677947072000,12.4408512115,-53.0586853027,-1.77902209759,0.00361431049678,-0.0410047109315,-1.0254223593
1495232678047144000,12.4999599457,-53.1963806152,-1.77566289902,0.00323326442548,-0.039812426997,-1.01767639486
1495232678147240000,12.5571727753,-53.3438453674,-1.776227355,0.00288457603783,-0.0398551378034,-1.01056666231
1495232678247342000,12.6235303879,-53.4742622375,-1.7566639185,0.00257884862085,-0.040677301543,-1.00257381498
1495232678347402000,12.7136650085,-53.6115875244,-1.75611972809,0.00369608027568,-0.04040294691,-0.994702165867
1495232678447512000,12.7828884125,-53.7602882385,-1.75342833996,0.0038369533679,-0.0400591671677,-0.9860868216
1495232678547592000,12.8482465744,-53.8858032227,-1.75760507584,0.00464413974161,-0.0401929047069,-0.979507605783
1495232678647704000,12.9353704453,-54.0291023254,-1.73825407028,0.00427661079313,-0.0407681957516,-0.970878402622
1495232678747780000,13.0005836487,-54.1750144958,-1.73746156693,0.00472642870329,-0.0398414998652,-0.96345486146
1495232678847879000,13.0767669678,-54.3199043274,-1.73053872585,0.00418609457758,-0.0386084264417,-0.956237625665
1495232678947936000,13.1599092484,-54.4789733887,-1.7442497015,0.00619582724222,-0.0410424127874,-0.948469295541
1495232679048017000,13.2334671021,-54.6142692566,-1.72710871696,0.00711861905239,-0.0401063187865,-0.941171576996
1495232679148104000,13.3078832626,-54.7337341309,-1.72115910053,0.00791336836581,-0.0396026246357,-0.935086427727
1495232679248202000,13.382232666,-54.885093689,-1.71288824081,0.00691947736615,-0.038152472751,-0.927488728224
1495232679348267000,13.4322462082,-55.0301895142,-1.70056295395,0.00729427254913,-0.0370015028785,-0.918716937126
1495232679448352000,13.5330505371,-55.1914329529,-1.68980014324,0.008451885223,-0.0375746311347,-0.912129094603
1495232679548464000,13.6352577209,-55.3207473755,-1.67894494534,0.00905209376904,-0.0382355849869,-0.905659123276
1495232679648536000,13.7138967514,-55.4443817139,-1.68083238602,0.00968904507241,-0.03837149013,-0.899303150327
1495232679748635000,13.7837934494,-55.5799865723,-1.67543709278,0.0101937164316,-0.0388227017953,-0.893807308292
1495232679848710000,13.8623142242,-55.7170181274,-1.6669832468,0.0104483963804,-0.0390200606815,-0.885926824034
1495232679948800000,13.9281330109,-55.8626213074,-1.67169010639,0.0096410772114,-0.0394827404861,-0.88052464696
1495232680048913000,14.0041561127,-55.9860076904,-1.67256593704,0.00940163690976,-0.0401861415692,-0.873796531022
1495232680148959000,14.0733337402,-56.1202392578,-1.67269861698,0.00978718398038,-0.0399246958778,-0.866603616317
1495232680249070000,14.1490678787,-56.2443733215,-1.67611122131,0.0104012348408,-0.0408555296736,-0.861822133097
1495232680349131000,14.2140750885,-56.3837471008,-1.65568208694,0.0103431647587,-0.0409452426361,-0.852557017904
1495232680449251000,14.2885084152,-56.4991035461,-1.65432238579,0.010232109942,-0.0416842481594,-0.846461401821
1495232680549338000,14.3637418747,-56.615196228,-1.65651571751,0.0109198877958,-0.042921115519,-0.838960545116
1495232680649414000,14.439450264,-56.7332878113,-1.63716590405,0.0105554106963,-0.0440976475338,-0.831459546574
1495232680749499000,14.5351228714,-56.8352279663,-1.63991379738,0.0116136813707,-0.0443930466788,-0.823693507896
1495232680849565000,14.6178712845,-56.9497451782,-1.63506805897,0.013203848117,-0.0452038127445,-0.816579182427
1495232680949651000,14.695810318,-57.0580215454,-1.62311124802,0.013418675834,-0.0462709056473,-0.808917946954
1495232681049736000,14.7563247681,-57.1647720337,-1.62281346321,0.0141743460129,-0.0460918225487,-0.802072108865
1495232681149823000,14.8543071747,-57.2778434753,-1.61904489994,0.01329473327,-0.0463457002522,-0.79343906228
1495232681249908000,14.9180965424,-57.382232666,-1.61257755756,0.0129032792792,-0.0458711004967,-0.785998291486
1495232681349994000,14.9974946976,-57.4961929321,-1.61161994934,0.0132118232566,-0.0471708225867,-0.778332333581
1495232681450084000,15.0556983948,-57.5876579285,-1.59960460663,0.0133153595745,-0.0480131779157,-0.771443709558
1495232681550272000,15.1524791718,-57.6974258423,-1.61096191406,0.0136414411119,-0.0478881140061,-0.762799812936
1495232681650253000,15.2452421188,-57.7842407227,-1.60002446175,0.0136474692019,-0.0486694466706,-0.75405041682
1495232681750340000,15.3335809708,-57.8933029175,-1.58390235901,0.0124672247796,-0.0480615954876,-0.743800278101
1495232681850451000,15.4170866013,-57.990852356,-1.57457315922,0.0125177175603,-0.0465987679492,-0.735535031482
1495232681950514000,15.4822683334,-58.1051063538,-1.57177758217,0.0113227704346,-0.0453323663706,-0.726803214249
1495232682050611000,15.5684661865,-58.2054176331,-1.56119048595,0.0119083189625,-0.0467038236749,-0.716810792726
1495232682150732000,15.6393671036,-58.2799987793,-1.56506979465,0.0127638706191,-0.0474789697046,-0.707704528791
1495232682250772000,15.7277774811,-58.3796005249,-1.55459094048,0.013274301681,-0.0473971969973,-0.69707755429
1495232682350871000,15.8126268387,-58.449760437,-1.56312263012,0.0138590815593,-0.0474901619165,-0.685632987348
1495232682450983000,15.8940095901,-58.552066803,-1.55155694485,0.0130582195841,-0.0481904907598,-0.673915821425
1495232682551032000,15.9967775345,-58.6558609009,-1.56374442577,0.0129052122084,-0.0486800390404,-0.661377021963
1495232682651120000,16.0811901093,-58.7282028198,-1.54502928257,0.013631409687,-0.0474272603461,-0.649008384949
1495232682751205000,16.1655807495,-58.8516578674,-1.55137884617,0.0137713632872,-0.0463553367519,-0.635154631758
1495232682851314000,16.2616024017,-58.9383087158,-1.524340868,0.013042995049,-0.0472322651783,-0.621819684204
1495232682951382000,16.3524169922,-59.0457839966,-1.52716612816,0.0120247669989,-0.048073776355,-0.607143519326
1495232683051476000,16.4558105469,-59.1507415771,-1.53292346001,0.0115741817109,-0.0477020281425,-0.592552114867
1495232683151586000,16.538772583,-59.2329063416,-1.5174754858,0.00926587577362,-0.0487543610794,-0.578142305543
1495232683251638000,16.6228084564,-59.3303985596,-1.5197480917,0.00701797837464,-0.049903852915,-0.562895923434
1495232683351748000,16.7048950195,-59.3976669312,-1.51799845695,0.00605269711238,-0.0495129783039,-0.549623389364
1495232683451835000,16.7716960907,-59.4866981506,-1.50243151188,0.0040640103505,-0.0490198220477,-0.534799164724
1495232683551896000,16.8400478363,-59.5563621521,-1.50429964066,0.00592915003159,-0.0496810129861,-0.519372439582
1495232683652029000,16.9231548309,-59.6455230713,-1.49632763863,0.00460279202565,-0.0503088532384,-0.502764350922
1495232683752080000,17.0071811676,-59.7133102417,-1.49532330036,0.0058913102882,-0.0491308054044,-0.489183425207
1495232683852169000,17.1007175446,-59.8032569885,-1.49159908295,0.0064564865211,-0.048303629096,-0.471585220449
1495232683952255000,17.1847610474,-59.8661460876,-1.48219847679,0.0059961898702,-0.0486432977133,-0.454077084711
1495232684052346000,17.2886066437,-59.9309043884,-1.45845425129,0.00470829347919,-0.0491767415616,-0.436654855012
1495232684152416000,17.3680896759,-59.9774131775,-1.44890260696,0.00287226157011,-0.0491291083496,-0.418968317203
1495232684252502000,17.4472160339,-60.0430374146,-1.45606052876,0.00136492416361,-0.0495076483328,-0.401510905341
1495232684352620000,17.5404682159,-60.0722541809,-1.45240402222,0.000275852449172,-0.0496019095832,-0.383745737594
1495232684452676000,17.629152298,-60.120880127,-1.4595990181,-0.000278078895573,-0.0501181126526,-0.366595631116
1495232684552795000,17.72149086,-60.1479949951,-1.45124983788,-0.000378658951344,-0.0499917564589,-0.349274323017
1495232684652891000,17.8105316162,-60.2101707458,-1.44676208496,-0.000963057203619,-0.0507732709896,-0.331690958403
1495232684752938000,17.8903999329,-60.2662963867,-1.43214893341,-0.00275361592383,-0.0499040133022,-0.3158315946
1495232684853031000,17.9995517731,-60.3099937439,-1.43211054802,-0.00307146120633,-0.0504743842948,-0.298380397119
1495232684953134000,18.0834712982,-60.3312759399,-1.43666434288,-0.00374033712972,-0.0503908203685,-0.281455086586
1495232685053221000,18.166721344,-60.3786239624,-1.42929852009,-0.0046620859788,-0.0505647969587,-0.26455115226
1495232685153282000,18.2842330933,-60.4341659546,-1.40929448605,-0.00652349756273,-0.051473184016,-0.247219373409
1495232685253390000,18.3881149292,-60.48802948,-1.4070135355,-0.00756977004779,-0.0511448817125,-0.229423124799
1495232685353464000,18.4740371704,-60.5381202698,-1.40229964256,-0.00818375810545,-0.0514233370057,-0.21336762818
1495232685453550000,18.5839271545,-60.5633277893,-1.39546692371,-0.00957321034256,-0.0516468009259,-0.196643724558
1495232685553641000,18.6656150818,-60.5784721375,-1.40401506424,-0.0104855528562,-0.0513939391544,-0.18092165447
1495232685653711000,18.7376441956,-60.6248016357,-1.40157771111,-0.0121312373591,-0.0519927561916,-0.164844965211
1495232685753809000,18.8488616943,-60.646270752,-1.38035988808,-0.0136500701955,-0.052515643849,-0.147285424604
1495232685853907000,18.9612827301,-60.6794815063,-1.37668776512,-0.0148524796803,-0.0526864611522,-0.131651992678
1495232685953973000,19.0829753876,-60.7084007263,-1.37483167648,-0.0155023321469,-0.0531901927872,-0.114842456824
1495232686054071000,19.168170929,-60.735458374,-1.37148165703,-0.0167107322516,-0.0536972395725,-0.0986296488538
1495232686154144000,19.2739772797,-60.7643928528,-1.37356483936,-0.0168530326763,-0.0549695604182,-0.0817903491655
1495232686254230000,19.3557872772,-60.8105239868,-1.37415909767,-0.0168493905788,-0.0560888728191,-0.0647346221106
1495232686354352000,19.4706897736,-60.8310012817,-1.35247063637,-0.0166508137366,-0.057148833211,-0.0476084209802
1495232686454428000,19.5874652863,-60.842666626,-1.35402047634,-0.0191251666341,-0.0569626792863,-0.0314941513983
1495232686554488000,19.6820220947,-60.8804893494,-1.35539793968,-0.0209609021339,-0.0561740553555,-0.0149281609062
1495232686654611000,19.7970275879,-60.9276695251,-1.35066866875,-0.0210582199986,-0.0561797155499,0.00354535671982
1495232686754662000,19.9123840332,-60.9559555054,-1.34967362881,-0.0217198044785,-0.0553025187421,0.0194080448297
1495232686854759000,20.006269455,-60.9894256592,-1.34492635727,-0.0225780408453,-0.055305320719,0.0375011546223
1495232686954836000,20.1347637177,-60.9880104065,-1.32818865776,-0.0242221594723,-0.054317223459,0.0521418905672
1495232687054958000,20.2385406494,-61.0099258423,-1.3154052496,-0.0250827795594,-0.0539904536992,0.0688690364203
1495232687155019000,20.3205127716,-61.0316047668,-1.31243014336,-0.0261200921432,-0.0533461870657,0.0845521705362
1495232687255106000,20.4166717529,-61.0350952148,-1.30378234386,-0.0261596006267,-0.0534285140688,0.101663585098
1495232687355192000,20.5061531067,-61.0521736145,-1.29697668552,-0.0265906993665,-0.0531405166319,0.117245556426
1495232687455290000,20.6243801117,-61.058467865,-1.28189849854,-0.0276971515707,-0.0531022784672,0.132650987992
1495232687555354000,20.7163944244,-61.0708198547,-1.26946556568,-0.029423922929,-0.0525978888873,0.150034023694
1495232687655453000,20.8072452545,-61.0780181885,-1.27055537701,-0.0313140914176,-0.0522412015862,0.165252972672
1495232687755527000,20.9156684875,-61.0571327209,-1.26643872261,-0.0313913846193,-0.052025385426,0.180699577476
1495232687855627000,21.0278148651,-61.0298728943,-1.25273728371,-0.0337530065729,-0.0514122918238,0.197338378494
1495232687955699000,21.1496906281,-60.9975471497,-1.26255011559,-0.0345072259786,-0.051069901751,0.212283162662
1495232688055787000,21.2633571625,-60.9847640991,-1.26390230656,-0.0352828792455,-0.0502603818229,0.226768322896
1495232688156161000,21.3835773468,-60.9737968445,-1.24993562698,-0.0361157438673,-0.0500304733798,0.24127523006
1495232688255974000,21.4892272949,-60.9719734192,-1.24922060966,-0.0362791183927,-0.0498799850826,0.255045386251
1495232688356046000,21.5842819214,-60.9509925842,-1.23903822899,-0.0371286820013,-0.0484358937613,0.269257478174
1495232688456131000,21.6977577209,-60.9430389404,-1.23763656616,-0.0376381304348,-0.0483604278696,0.283021323042
1495232688556225000,21.8093090057,-60.9351844788,-1.21919512749,-0.039065687259,-0.0475485584318,0.297189882416
1495232688656331000,21.9407405853,-60.9230728149,-1.22660946846,-0.0392070626466,-0.0475172977403,0.311233197817
1495232688756442000,22.0530719757,-60.8985443115,-1.20794582367,-0.0395330414839,-0.0474620639191,0.324555548781
1495232688856488000,22.1769275665,-60.8805580139,-1.21586370468,-0.0396430568374,-0.0466085052545,0.338328783187
1495232688956599000,22.2850418091,-60.8668174744,-1.19471669197,-0.0406729328224,-0.0451875725215,0.351817702177
1495232689056653000,22.3876037598,-60.8442382812,-1.20066726208,-0.0410802574361,-0.0450142373177,0.364996931127
1495232689156737000,22.51222229,-60.8121871948,-1.19328403473,-0.0426578776545,-0.0448705940929,0.378573548097
1495232689256825000,22.6541061401,-60.7704849243,-1.18807578087,-0.0429530613475,-0.0438212172642,0.392863588604
1495232689356936000,22.7784690857,-60.7519569397,-1.17778265476,-0.0448943703759,-0.0438346859466,0.406036584418
1495232689457018000,22.9023571014,-60.7236328125,-1.16279566288,-0.0472808935008,-0.043676287734,0.420393334307
1495232689557096000,23.0484886169,-60.6844596863,-1.17433333397,-0.0471856672413,-0.0439814622872,0.434216820605
1495232689657167000,23.154876709,-60.644733429,-1.17171883583,-0.047363327717,-0.0432989427734,0.447012909204
1495232689757297000,23.2885799408,-60.6106834412,-1.18001544476,-0.0478531133194,-0.043301538008,0.459765591135
1495232689857341000,23.4053077698,-60.5790672302,-1.16921424866,-0.0488410471935,-0.0412439911959,0.472770568531
1495232689957430000,23.5579013824,-60.5476341248,-1.15616941452,-0.0485169832943,-0.0417884533182,0.4852495438
1495232690057518000,23.6848869324,-60.4998054504,-1.14787697792,-0.0488149028195,-0.0419211190589,0.497252029998
1495232690157602000,23.8207187653,-60.4781455994,-1.13660216331,-0.051335064713,-0.0400769100649,0.509714214359
1495232690257690000,23.9479160309,-60.4402198792,-1.14528870583,-0.050875511168,-0.0394528627423,0.522126904445
1495232690357785000,24.0971813202,-60.3967590332,-1.12323760986,-0.0520098852986,-0.039591816547,0.534800214421
1495232690457883000,24.2191810608,-60.3453598022,-1.11703538895,-0.0528887737361,-0.0388242377724,0.546161959973
1495232690557950000,24.338224411,-60.2965698242,-1.11391043663,-0.0530648693107,-0.0380386458754,0.556440196811
1495232690658061000,24.4513893127,-60.2290916443,-1.10323607922,-0.0536307243344,-0.0379332558924,0.566791914591
1495232690758131000,24.5570316315,-60.177444458,-1.107899189,-0.0537570831264,-0.036894599767,0.576421954157
1495232690858217000,24.6691932678,-60.1270713806,-1.08814132214,-0.053452396695,-0.0369533913934,0.585713678135
1495232690958326000,24.7910766602,-60.0699615479,-1.0905585289,-0.0550824475671,-0.0363374444152,0.593307834898
1495232691058378000,24.8981761932,-60.0013427734,-1.07608675957,-0.0561168279779,-0.0362893713789,0.600484317015
1495232691158488000,25.015794754,-59.9524078369,-1.07508015633,-0.0568980523124,-0.035111279898,0.607917479834
1495232691258574000,25.1370353699,-59.9000511169,-1.06693887711,-0.0581543989361,-0.0343420167483,0.613737881592
1495232691358649000,25.2526531219,-59.8336448669,-1.05899846554,-0.0585955089765,-0.0338098891087,0.619947442006
1495232691458753000,25.372209549,-59.7509765625,-1.06536138058,-0.0574053559678,-0.0333787638718,0.62478736088
1495232691558822000,25.4926166534,-59.6757011414,-1.05014014244,-0.0577534945481,-0.0330956419007,0.629755255927
1495232691658899000,25.6070384979,-59.609249115,-1.03987407684,-0.0585926976054,-0.0326880982208,0.634093406943
1495232691759008000,25.7190151215,-59.5581436157,-1.03298830986,-0.0584268955462,-0.0321660707956,0.639167813421
1495232691859073000,25.821893692,-59.4965858459,-1.03355252743,-0.0584744142606,-0.032082812304,0.64235083837
1495232691959171000,25.9338760376,-59.4397659302,-1.02757835388,-0.0593916843749,-0.031896523259,0.64773484682
1495232692059257000,26.0323734283,-59.371711731,-1.0292532444,-0.0581942736034,-0.0324356728515,0.650826612007
1495232692159342000,26.1248416901,-59.3174858093,-1.01403939724,-0.0573964930858,-0.031653422211,0.655413314144
1495232692259418000,26.2302970886,-59.2642173767,-1.01074934006,-0.0575213523097,-0.0309614196163,0.658429707835
1495232692359533000,26.314661026,-59.2149581909,-1.00548684597,-0.0589474703215,-0.0311867706347,0.662122837398
1495232692459607000,26.4276866913,-59.1523208618,-1.01373052597,-0.0595525550492,-0.031344244837,0.665481179768
1495232692559688000,26.5070228577,-59.0925483704,-1.02120041847,-0.0591300205067,-0.0322413718787,0.670037121142
1495232692659779000,26.6153907776,-59.0348510742,-1.02981495857,-0.059957490811,-0.0325584636466,0.673950132168
1495232692759877000,26.7113704681,-58.9851112366,-1.01643943787,-0.0616765999604,-0.0321598127966,0.678058863026
1495232692859967000,26.8172168732,-58.9260597229,-1.01730895042,-0.0624253308301,-0.0309236401268,0.681490901868
1495232692960033000,26.9230136871,-58.8632049561,-1.00052976608,-0.0625912327081,-0.0305758055236,0.685889993359
1495232693060109000,27.0336647034,-58.8013725281,-1.00694489479,-0.061596333312,-0.0301699826621,0.689869389569
1495232693160196000,27.1296157837,-58.7390060425,-0.995730757713,-0.0610324120177,-0.0300537195259,0.693209885504
1495232693260296000,27.2252731323,-58.6685371399,-1.00014030933,-0.0612016641434,-0.0301252793542,0.697501231271
1495232693360394000,27.3388175964,-58.6136245728,-0.993341684341,-0.0622503937809,-0.0297864183431,0.701595328082
1495232693460466000,27.4327640533,-58.550151825,-0.990710496902,-0.0634142740445,-0.0300885033861,0.705239111911
1495232693560542000,27.535943985,-58.4924087524,-0.998144388199,-0.0631511426116,-0.0303322262308,0.708520604297
1495232693660652000,27.6468467712,-58.4260787964,-0.968766093254,-0.0639161848227,-0.0297035051333,0.712209649407
1495232693760740000,27.750453949,-58.3771324158,-0.969211518764,-0.0634145927343,-0.0295476022411,0.71595302627
1495232693860799000,27.859254837,-58.3084564209,-0.964245021343,-0.0630388853055,-0.0303814860884,0.719474719413
1495232693960909000,27.9672393799,-58.2502288818,-0.955394625664,-0.0629033373821,-0.0306264000266,0.723433371613
1495232694060970000,28.061958313,-58.1890563965,-0.947169423103,-0.0629675226228,-0.0297532150199,0.726020680296
1495232694161058000,28.1669082642,-58.1171684265,-0.950617730618,-0.0625398673052,-0.028776042224,0.729441006345
1495232694261172000,28.2622814178,-58.055973053,-0.941958010197,-0.0628631103272,-0.0288359734806,0.732747510415
1495232694361230000,28.3626422882,-57.9747390747,-0.939285695553,-0.0632970223563,-0.029430459849,0.735566507355
1495232694461343000,28.4545555115,-57.9186172485,-0.943005025387,-0.0632057302054,-0.0287454132587,0.739039063513
1495232694561404000,28.5424804688,-57.8419647217,-0.943224787712,-0.0631069221159,-0.0296047750611,0.741499997451
1495232694661517000,28.6458625793,-57.7765083313,-0.931752622128,-0.0632076272966,-0.0293976034773,0.745311468271
1495232694761594000,28.7371616364,-57.7054328918,-0.932236135006,-0.0639748517364,-0.0287225584817,0.747317772095
1495232694861693000,28.8462696075,-57.6305160522,-0.918589532375,-0.0647669946206,-0.0278747378147,0.750448274443
1495232694961765000,28.9558315277,-57.5615272522,-0.920990824699,-0.0646646505641,-0.0274151202771,0.752946672548
1495232695061858000,29.0540370941,-57.4893798828,-0.895622014999,-0.0651030922327,-0.0272772460256,0.755706611823
1495232695161935000,29.1470813751,-57.4175262451,-0.892042040825,-0.0659489237767,-0.0267506573335,0.757704014185
1495232695262045000,29.2426681519,-57.3448867798,-0.887750029564,-0.0651783793206,-0.0272564735359,0.760642996148
1495232695362113000,29.3294067383,-57.2717666626,-0.877112030983,-0.0657925953738,-0.0275369217757,0.762951905642
1495232695462196000,29.417974472,-57.2133140564,-0.875196218491,-0.0654004787106,-0.0261960988348,0.76523770282
1495232695562305000,29.4935283661,-57.1439819336,-0.868321418762,-0.0656364911659,-0.0276374236457,0.766228869069
1495232695662382000,29.5869274139,-57.0677375793,-0.861368834972,-0.0650525804056,-0.0272036721861,0.768616426821
1495232695762454000,29.6604499817,-57.0170555115,-0.857946336269,-0.0651656896385,-0.0273191730249,0.769648185108
1495232695862576000,29.7503929138,-56.9521141052,-0.852068603039,-0.0652472822527,-0.0271183036114,0.771633955321
1495232695962637000,29.8399238586,-56.8879814148,-0.839019417763,-0.066133644926,-0.0274283891617,0.772995473797
1495232696062737000,29.9254722595,-56.8285903931,-0.846169769764,-0.0643296872905,-0.0276732131564,0.7748318793
1495232696162789000,30.009469986,-56.7697753906,-0.853326618671,-0.0651923454875,-0.0276438932208,0.775733040114
1495232696262875000,30.0852584839,-56.7119102478,-0.83653151989,-0.0656587602737,-0.0275223093756,0.777248548867
1495232696362973000,30.1641197205,-56.6505203247,-0.846027493477,-0.0655125383973,-0.0269203737484,0.778047510211
1495232696463060000,30.2334728241,-56.5993423462,-0.835752010345,-0.0668507851854,-0.027593610565,0.77894112358
1495232696563146000,30.2976379395,-56.5454559326,-0.843445599079,-0.0665017399323,-0.0277786048721,0.780162239612
1495232696663219000,30.3645629883,-56.5035476685,-0.840500354767,-0.0667229592138,-0.0270385326661,0.781017448207
1495232696763309000,30.4406509399,-56.4448432922,-0.839565575123,-0.0664336956954,-0.0275476490923,0.782042332074
1495232696863394000,30.504693985,-56.4019737244,-0.822658121586,-0.0675288400294,-0.0270247477812,0.783415314004
1495232696963492000,30.5849914551,-56.3439712524,-0.844755828381,-0.0664559133213,-0.0270143821027,0.78432176133
1495232697063572000,30.6424865723,-56.2950134277,-0.840026438236,-0.0668380446933,-0.0268375231674,0.785412456326
1495232697163654000,30.7101135254,-56.2333068848,-0.835672676563,-0.0660826280014,-0.0267077713737,0.785959844033
1495232697263781000,30.7721920013,-56.1947250366,-0.833029210567,-0.0667394471848,-0.0268421218319,0.787027811285
1495232697363862000,30.8443050385,-56.1428451538,-0.833060145378,-0.06646217543,-0.0268988356354,0.787653626883
1495232697463965000,30.8892059326,-56.1029129028,-0.827138006687,-0.0662693528661,-0.0269639121158,0.788365078106
1495232697564026000,30.964471817,-56.0533676147,-0.82754355669,-0.0653987504135,-0.0269603214935,0.789403748913
1495232697664127000,31.020488739,-55.999168396,-0.836490750313,-0.0652464019294,-0.0270831202263,0.790136592396
1495232697764200000,31.0897903442,-55.9602355957,-0.836541473866,-0.0639223401115,-0.0273413188329,0.791402323099
1495232697864283000,31.1421337128,-55.9030418396,-0.842542350292,-0.0634560600849,-0.0279469751144,0.791498220719
1495232697964347000,31.220872879,-55.8585014343,-0.833758890629,-0.063593874445,-0.0277150660779,0.793204645291
1495232698064430000,31.2877750397,-55.7906646729,-0.818206131458,-0.064971862829,-0.0283232647382,0.793675467957
1495232698164552000,31.3495788574,-55.7461280823,-0.825421392918,-0.0630281154041,-0.0288717492963,0.794812774809
1495232698264606000,31.414642334,-55.6858215332,-0.827209591866,-0.0627145527645,-0.0286954737735,0.795735408515
1495232698364699000,31.471118927,-55.6324768066,-0.829910695553,-0.0629410146669,-0.0296541978284,0.796271270761
1495232698464816000,31.5442276001,-55.574760437,-0.815056860447,-0.0634374277721,-0.0296744369217,0.798019955423
1495232698564875000,31.6096191406,-55.516040802,-0.802393555641,-0.0616235000545,-0.0299468133313,0.798991472535
1495232698664976000,31.691991806,-55.4612998962,-0.799490988255,-0.0652858603662,-0.0305413491279,0.800675516622
1495232698765039000,31.7446880341,-55.4127998352,-0.79755538702,-0.0636375531989,-0.0302703319223,0.800995638878
1495232698865145000,31.8091697693,-55.3607139587,-0.794566750526,-0.0635555767124,-0.0305683253706,0.802136661475
1495232698965237000,31.8720169067,-55.3155975342,-0.804108977318,-0.0635947873778,-0.0305785318479,0.802417746222
1495232699065319000,31.9442176819,-55.2563819885,-0.803020060062,-0.0642458890086,-0.031092363263,0.80362709594
1495232699165407000,32.0029525757,-55.2165870667,-0.797953605652,-0.0644053294067,-0.0309216647786,0.804191502121
1495232699265470000,32.0750274658,-55.1643447876,-0.792137265205,-0.0642456291035,-0.0309683016639,0.804714454042
1495232699365567000,32.1413497925,-55.0995178223,-0.784652113914,-0.0646134454127,-0.0311274203067,0.806275729523
1495232699465659000,32.2063865662,-55.0582351685,-0.762070596218,-0.0653526662833,-0.0307301441607,0.806752525358
1495232699565748000,32.2748603821,-55.0018730164,-0.759226262569,-0.0654969759021,-0.0306900038573,0.807124116452
1495232699665851000,32.3420715332,-54.9482192993,-0.770907104015,-0.0651233683947,-0.0315526400373,0.807972187068
1495232699765925000,32.410987854,-54.8902778625,-0.762323200703,-0.065576218505,-0.0313303389515,0.808669032941
1495232699866027000,32.4805831909,-54.8319702148,-0.753401935101,-0.0660547651703,-0.0314494951815,0.809446569799
1495232699966105000,32.54920578,-54.7808189392,-0.769634723663,-0.0661081806333,-0.0320956860843,0.810059702798
1495232700066158000,32.626914978,-54.7320098877,-0.755073010921,-0.0670679754553,-0.0322819688658,0.810670896565
1495232700166267000,32.7058296204,-54.6555366516,-0.750229895115,-0.0669040659575,-0.0329777354555,0.811712232619
1495232700266345000,32.7889938354,-54.5888977051,-0.76956307888,-0.0679260975191,-0.0340841167115,0.812519561278
1495232700366428000,32.8919639587,-54.5101928711,-0.757863819599,-0.0673495748372,-0.0342409647202,0.813651601233
1495232700466550000,32.9605293274,-54.4493408203,-0.76401913166,-0.0672886789987,-0.0350628250261,0.8148587545
1495232700566637000,33.0496826172,-54.3813858032,-0.74616253376,-0.0670161436994,-0.0352228393631,0.815617950037
1495232700666701000,33.1346549988,-54.3226699829,-0.761464834213,-0.067507474011,-0.0356431408391,0.81660290309
1495232700766798000,33.224647522,-54.2497062683,-0.750619649887,-0.0670501015381,-0.0361557544253,0.817389917229
1495232700866880000,33.2970619202,-54.189289093,-0.745700955391,-0.0668839842874,-0.0362237184193,0.81880887369
1495232700966992000,33.3740844727,-54.1183052063,-0.755829811096,-0.0659453916694,-0.0376370552556,0.818651522892
1495232701067056000,33.4623298645,-54.0517311096,-0.754464566708,-0.0650460734248,-0.0378069264035,0.820375965602
1495232701167124000,33.5404624939,-53.9923171997,-0.750031232834,-0.0634850931247,-0.0382386866957,0.820403759783
1495232701267222000,33.6257362366,-53.9257087708,-0.740131616592,-0.062615334663,-0.0384780077494,0.821866868179
1495232701367296000,33.7027816772,-53.8461380005,-0.731590509415,-0.0625729959414,-0.0391235611831,0.821213915875
1495232701467408000,33.7856826782,-53.7790222168,-0.73380023241,-0.064210558141,-0.0392389027374,0.823678452221
1495232701567472000,33.8689460754,-53.7207298279,-0.72968262434,-0.0644550927714,-0.0398447881809,0.824513222283
1495232701667557000,33.953994751,-53.6413345337,-0.721745312214,-0.0648870246885,-0.0399397468731,0.825009037234
1495232701767628000,34.027053833,-53.5775299072,-0.724053442478,-0.0644414568158,-0.0395858625932,0.825779258973
1495232701867714000,34.1057662964,-53.4980773926,-0.732476353645,-0.0632014099172,-0.0401291769332,0.826331007114
1495232701967811000,34.1999816895,-53.4292449951,-0.717225968838,-0.0639362172779,-0.0404308311278,0.827554343052
1495232702067902000,34.2771453857,-53.3571090698,-0.715372085571,-0.0630041536368,-0.0405717514892,0.827958625481
1495232702167988000,34.3543701172,-53.2829208374,-0.699423968792,-0.0638206111166,-0.0409591198015,0.828176986179
1495232702268060000,34.4314155579,-53.2393341064,-0.7127866745,-0.0636916841809,-0.041388029531,0.828578851509
1495232702368148000,34.498752594,-53.1705474854,-0.700362622738,-0.0641753267749,-0.0415196117915,0.828959049365
1495232702468246000,34.5765762329,-53.1091384888,-0.701824307442,-0.0656223212713,-0.0422368039293,0.829643478269
1495232702568326000,34.6357688904,-53.0544662476,-0.700165629387,-0.0652044802657,-0.0415860799167,0.829716544467
1495232702668434000,34.7102050781,-52.9908790588,-0.69391721487,-0.0648493532476,-0.0420340986074,0.829892866909
1495232702768491000,34.7672462463,-52.9442481995,-0.700208544731,-0.0640180780492,-0.042022972516,0.829444410846
1495232702868592000,34.829624176,-52.8784599304,-0.688654720783,-0.064703165517,-0.0421208330813,0.828976782117
1495232702968677000,34.9082260132,-52.8165435791,-0.68183350563,-0.0647037136775,-0.0424809959581,0.830104125316
1495232703068753000,34.9756813049,-52.7674789429,-0.672159433365,-0.0655417668047,-0.0425598757705,0.829313118128
1495232703168873000,35.0429916382,-52.7093811035,-0.665143251419,-0.0661031315828,-0.0424587694608,0.829509068676
1495232703268940000,35.1043701172,-52.6736030579,-0.664210796356,-0.0660295456542,-0.0428049846888,0.828832545014
1495232703369014000,35.1754875183,-52.6070747375,-0.653734922409,-0.0669040453179,-0.0427736971396,0.829209898593
1495232703469110000,35.2417526245,-52.55443573,-0.64623272419,-0.0668481741461,-0.0423959492376,0.828776301965
1495232703569199000,35.3176231384,-52.4832839966,-0.641959309578,-0.0660959673944,-0.0427646960577,0.829251640907
1495232703669303000,35.3826904297,-52.4339370728,-0.632988929749,-0.0666099874558,-0.0433003522543,0.829353362689
1495232703769410000,35.4554634094,-52.3689193726,-0.633266091347,-0.066425614833,-0.0434096282963,0.829257127532
1495232703869489000,35.5178260803,-52.3082923889,-0.627223849297,-0.0667074357861,-0.0428532230052,0.830121894076
1495232703969581000,35.5875473022,-52.2548027039,-0.623977541924,-0.0659010543442,-0.0430279847328,0.829528765131
1495232704069642000,35.6525840759,-52.1981773376,-0.618611097336,-0.0656044243557,-0.0432966570283,0.830013715257
1495232704169743000,35.711353302,-52.1519203186,-0.612117409706,-0.064244104218,-0.0437830075654,0.830112760903
1495232704269832000,35.7616500854,-52.0969085693,-0.600977420807,-0.0640371659308,-0.043436721795,0.830676905297
1495232704369904000,35.8249359131,-52.0473365784,-0.597170233727,-0.0630285102379,-0.04355058494,0.830371681444
1495232704469985000,35.877040863,-52.0034866333,-0.589065790176,-0.0630957600211,-0.0440890113675,0.830578572712
1495232704570073000,35.9438705444,-51.9517059326,-0.596189379692,-0.0623343860571,-0.043618117805,0.830771267198
1495232704670151000,36.0043983459,-51.8954048157,-0.581983447075,-0.0626820132761,-0.0438169141487,0.831005323991
1495232704770270000,36.0550994873,-51.850933075,-0.599231243134,-0.0617707297808,-0.044187507114,0.830764589869
1495232704870350000,36.1168823242,-51.8064460754,-0.58476805687,-0.0620440333287,-0.0444688380019,0.830848900312
1495232704970430000,36.1856002808,-51.7498054504,-0.584900736809,-0.0622982920882,-0.0440220662748,0.831400732199
1495232705070496000,36.2332878113,-51.7166404724,-0.569993376732,-0.0627270782766,-0.0435459984846,0.830925896969
1495232705170596000,36.2921295166,-51.6537284851,-0.577462553978,-0.0623508838263,-0.0436099591114,0.831689739663
1495232705270677000,36.3501586914,-51.610370636,-0.576143741608,-0.0624190444527,-0.0433685294662,0.831716364912
1495232705370754000,36.4187011719,-51.5528488159,-0.573600292206,-0.0612174426695,-0.0431478827247,0.832695797316
1495232705470847000,36.4762039185,-51.503326416,-0.581291675568,-0.0609673147272,-0.0427649272371,0.83296433937
1495232705570931000,36.5513114929,-51.444103241,-0.577395439148,-0.0608657063325,-0.0425674598799,0.833692805494
1495232705671013000,36.606300354,-51.4037208557,-0.583198189735,-0.0609565839448,-0.0421344275512,0.834273819534
1495232705771088000,36.6646690369,-51.3621139526,-0.573491573334,-0.0602631971651,-0.0415557372898,0.83445981471
1495232705871197000,36.717212677,-51.303527832,-0.570939540863,-0.060668664278,-0.0415666096251,0.835036214454
1495232705971260000,36.778339386,-51.2652626038,-0.562894225121,-0.0609374384503,-0.0415810389664,0.835105085304
1495232706071382000,36.8341751099,-51.2181663513,-0.553720831871,-0.0607703907922,-0.0418582145036,0.835262655063
1495232706171431000,36.8972091675,-51.1723403931,-0.55585193634,-0.060307696261,-0.0415099885257,0.835601508289
1495232706271550000,36.9521179199,-51.1193771362,-0.538693785667,-0.0610139539562,-0.0414695678685,0.836345597691
1495232706371625000,37.0200157166,-51.069278717,-0.546126484871,-0.0609659719383,-0.0419668611514,0.836353625284
1495232706471694000,37.0661659241,-51.032951355,-0.530171632767,-0.0620370777321,-0.0417376854985,0.836818314218
1495232706571804000,37.1213150024,-50.9888916016,-0.537080287933,-0.0620499380583,-0.041522042776,0.837389986454
1495232706671865000,37.1883659363,-50.9355163574,-0.532684922218,-0.0616679985898,-0.041709113733,0.837991108918
1495232706771952000,37.244556427,-50.8918876648,-0.526684999466,-0.0627763798275,-0.0409712744451,0.838338028121
1495232706872072000,37.3082580566,-50.8303260803,-0.50578212738,-0.0631963905211,-0.0408454443495,0.838698880372
1495232706972125000,37.3611907959,-50.7800292969,-0.512225270271,-0.0634034390088,-0.0404859993942,0.839274999043
1495232707072247000,37.4307937622,-50.7110214233,-0.505638360977,-0.0632276048445,-0.0406629100219,0.840074684869
1495232707172321000,37.4959182739,-50.6648216248,-0.494772553444,-0.0637793372812,-0.0403085531564,0.84023046097
1495232707272394000,37.5532150269,-50.5965156555,-0.509672403336,-0.0628199195124,-0.0404174165743,0.840567393626
1495232707372485000,37.6143569946,-50.5648536682,-0.500695228577,-0.0628038603106,-0.0402397545861,0.840769733205
1495232707472561000,37.6706008911,-50.5068244934,-0.497088909149,-0.0622687125166,-0.03988077327,0.8413547186
1495232707572670000,37.7387695312,-50.4601516724,-0.510919809341,-0.0617952399019,-0.0402614869053,0.841635207066
1495232707672745000,37.792339325,-50.4108695984,-0.502756595612,-0.0612684350718,-0.0401127239868,0.842135723905
1495232707772828000,37.8401145935,-50.3501739502,-0.506944060326,-0.061690706598,-0.0401882294175,0.842513646264
1495232707872901000,37.8977050781,-50.3159179688,-0.495549798012,-0.0609663570263,-0.0399359887838,0.842255517527
1495232707972993000,37.9556617737,-50.2593803406,-0.49256670475,-0.0613535784617,-0.0401431915861,0.84263353343
1495232708073095000,38.0266990662,-50.1942863464,-0.501026630402,-0.0601057981518,-0.0403089222599,0.843331739196
1495232708173176000,38.0809898376,-50.1566429138,-0.497138619423,-0.0604652042965,-0.0401256238713,0.843817587671
1495232708273259000,38.1365394592,-50.1074180603,-0.488987207413,-0.0602439837863,-0.0400519305746,0.844304385585
1495232708373334000,38.1964454651,-50.0451622009,-0.476541519165,-0.0602157407516,-0.0400973186999,0.845157498385
1495232708473427000,38.2578468323,-49.9955253601,-0.473244547844,-0.0602123016325,-0.04006515106,0.845045356208
1495232708573521000,38.3131790161,-49.9457511902,-0.476084113121,-0.0598593208503,-0.0399200728342,0.846147835046
1495232708673593000,38.3823814392,-49.8915405273,-0.456939339638,-0.060803295872,-0.0403248943828,0.845941669885
1495232708773678000,38.4431762695,-49.8263053894,-0.464525818825,-0.0595493536328,-0.0406567544801,0.846751554341
1495232708873793000,38.5159454346,-49.7702789307,-0.459646940231,-0.0598251402374,-0.0409104006206,0.847039699487
1495232708973855000,38.573348999,-49.7280158997,-0.446308851242,-0.0594477621256,-0.0418159737273,0.847463856941
1495232709073951000,38.6358413696,-49.6673812866,-0.446029663086,-0.059230894192,-0.0417975994417,0.848276753827
1495232709174047000,38.7034759521,-49.5978012085,-0.455964565277,-0.0571233620785,-0.0426786527501,0.848922869773
1495232709274136000,38.765247345,-49.5555229187,-0.456138253212,-0.0577240725261,-0.0426337370461,0.849493064135
1495232709374204000,38.8126945496,-49.5099105835,-0.448303699493,-0.0580227013485,-0.0424918388871,0.849294844395
1495232709474295000,38.8871650696,-49.4485054016,-0.44918525219,-0.0578364625028,-0.0426045191398,0.850233523451
1495232709574382000,38.943977356,-49.3878288269,-0.456278324127,-0.0574438432437,-0.0423861951154,0.850470328738
1495232709674496000,39.0146865845,-49.3392181396,-0.441174864769,-0.0570926377058,-0.0421501212318,0.851140958532
1495232709774578000,39.0786476135,-49.2893638611,-0.439406037331,-0.0568707850723,-0.0418706305991,0.850966394043
1495232709874646000,39.1386985779,-49.2359313965,-0.427412986755,-0.0570276659655,-0.04147501893,0.851548746866
1495232709974717000,39.2079544067,-49.171169281,-0.429262638092,-0.0568743359593,-0.0411555336193,0.852023052112
1495232710074814000,39.2564964294,-49.1142349243,-0.428529024124,-0.0564706071765,-0.0411231334327,0.852494393696
1495232710174891000,39.3279876709,-49.0616798401,-0.422257781029,-0.0569519700899,-0.0408849505078,0.852675021925
1495232710275004000,39.3932952881,-48.98878479,-0.423333525658,-0.0563028899572,-0.0408901702768,0.853290106417
1495232710375075000,39.4722480774,-48.9360656738,-0.416294932365,-0.0559597972077,-0.0409466818044,0.854095033283
1495232710475150000,39.5253143311,-48.8714065552,-0.410441994667,-0.0555892396794,-0.0408402134048,0.854252996987
1495232710575249000,39.607383728,-48.8084869385,-0.39055788517,-0.0566843648136,-0.0402239204654,0.855324240544
1495232710675351000,39.6772994995,-48.7523498535,-0.394801020622,-0.0542159869422,-0.0401882070477,0.855442620046
1495232710775442000,39.7379951477,-48.6806755066,-0.385411858559,-0.0544073057731,-0.0400979487805,0.856640714689
1495232710875511000,39.8030014038,-48.6395797729,-0.383071064949,-0.053443138,-0.0406112236516,0.856776123895
1495232710975593000,39.8703422546,-48.5726089478,-0.373331069946,-0.0528718257495,-0.0406521573986,0.857113336142
1495232711075695000,39.9494438171,-48.5166969299,-0.376472830772,-0.0535033924583,-0.0406926102532,0.857980052248
1495232711175781000,40.0216827393,-48.4540138245,-0.381576895714,-0.0518116461936,-0.0415412333935,0.857677311353
1495232711275840000,40.0755233765,-48.3935012817,-0.37498486042,-0.0524781684064,-0.0410596045846,0.858568232254
1495232711375932000,40.1472206116,-48.3330001831,-0.371327161789,-0.0531400084337,-0.041478680314,0.859015782215
1495232711476027000,40.1924629211,-48.2609901428,-0.372639536858,-0.0534213461041,-0.0417745607622,0.85943802809
1495232711576131000,40.2620506287,-48.2154922485,-0.359481692314,-0.0548118812285,-0.0409950207586,0.860167288199
1495232711676199000,40.3213691711,-48.1721496582,-0.349780082703,-0.0560495415417,-0.0410622629573,0.860290170293
1495232711776302000,40.3978462219,-48.1171798706,-0.362262248993,-0.0557974769284,-0.0406014926224,0.860585280717
1495232711876372000,40.4708518982,-48.0684700012,-0.352741360664,-0.0566707304291,-0.0408794063687,0.860547682407
1495232711976469000,40.5269126892,-48.0087280273,-0.356033921242,-0.0568080285605,-0.040909185159,0.861275845508
1495232712076533000,40.5891647339,-47.9502296448,-0.347281813622,-0.0562661089014,-0.0399347770983,0.861608053944
1495232712176630000,40.6397628784,-47.892780304,-0.351852536201,-0.0564823647174,-0.0405178804969,0.862033278109
1495232712276719000,40.706829071,-47.8283500671,-0.339207053185,-0.0569348108494,-0.0398977256501,0.862453319187
1495232712376805000,40.7821235657,-47.7639274597,-0.345806479454,-0.057430737974,-0.0400629252756,0.86328948767
1495232712476891000,40.8482818604,-47.7031784058,-0.338642239571,-0.0573871092473,-0.0398898142894,0.863724774481
1495232712576989000,40.9191436768,-47.6495246887,-0.347269296646,-0.0574756536511,-0.0391559587678,0.864648930778
1495232712677052000,40.9613952637,-47.5879249573,-0.335672855377,-0.0569845452902,-0.0388086468643,0.865117597881
1495232712777151000,41.0202865601,-47.5494117737,-0.327505588531,-0.0573788444847,-0.0378624207892,0.865272188056
1495232712877226000,41.0776557922,-47.4956169128,-0.334497332573,-0.0579856314406,-0.0377258099706,0.865708907258
1495232712977324000,41.1321258545,-47.4469032288,-0.324103355408,-0.0580351490323,-0.0373295475097,0.866437369032
1495232713077447000,41.1962127686,-47.3879051208,-0.327243685722,-0.0579050119035,-0.0371681714779,0.866457107914
1495232713177524000,41.2548065186,-47.3478164673,-0.31393134594,-0.0580103310171,-0.0369048512937,0.867108687167
1495232713277569000,41.2982635498,-47.2872543335,-0.30558860302,-0.0577192613112,-0.0367484581513,0.867188873976
1495232713377653000,41.3604049683,-47.2419090271,-0.30760383606,-0.0579683158697,-0.0368240097232,0.867727895141
1495232713477774000,41.4172401428,-47.1852302551,-0.305455207825,-0.0575120880583,-0.0364576460126,0.868478249818
1495232713577871000,41.4695930481,-47.1413993835,-0.315293908119,-0.0573036888895,-0.0367113925903,0.868556305188
1495232713677928000,41.5296669006,-47.0788459778,-0.312281012535,-0.0575770260908,-0.0365010447153,0.869133191695
1495232713778027000,41.6108779907,-47.0253715515,-0.306757330894,-0.0578453402269,-0.0367749032278,0.869622122123
1495232713878101000,41.6601066589,-46.9584617615,-0.30391728878,-0.0570336475531,-0.0366397741515,0.870404955044
1495232713978188000,41.7282714844,-46.8998985291,-0.297899127007,-0.0571718499564,-0.0369620660676,0.871293374061
1495232714078275000,41.7963752747,-46.8497924805,-0.293461203575,-0.0570907395621,-0.0368102615358,0.871512677655
1495232714178373000,41.8434371948,-46.7838783264,-0.2888879776,-0.057062875396,-0.0369651191658,0.871998532504
1495232714278469000,41.9175758362,-46.7351455688,-0.285348653793,-0.0571518594554,-0.0369019286762,0.872167324289
1495232714378521000,41.9742584229,-46.6670608521,-0.295459270477,-0.0558338071013,-0.0370662332032,0.872365180121
1495232714478608000,42.0288124084,-46.616859436,-0.28702890873,-0.0559724408798,-0.0371379869721,0.872479082524
1495232714578693000,42.073348999,-46.5785331726,-0.286766171455,-0.0545435765074,-0.0367342067484,0.872214200174
1495232714678781000,42.1328887939,-46.5203933716,-0.268943667412,-0.0557470061193,-0.0367398841962,0.872077561699
1495232714778902000,42.1812934875,-46.478012085,-0.279766798019,-0.0552887362551,-0.0368927768596,0.871905328231
1495232714878952000,42.2383041382,-46.4407272339,-0.269857645035,-0.0553040336487,-0.0367132863138,0.871029878418
1495232714979095000,42.2955932617,-46.3909111023,-0.261492133141,-0.0557742001512,-0.0369225025679,0.871304973829
1495232715079124000,42.3460884094,-46.3398628235,-0.259815216064,-0.0553103239798,-0.037243619843,0.870541844444
1495232715179250000,42.4101028442,-46.2889099121,-0.253036499023,-0.0557891661483,-0.0367160858935,0.87104551032
1495232715279325000,42.456741333,-46.2368583679,-0.252466917038,-0.0559053394201,-0.0371170885927,0.870284343596
1495232715379385000,42.5041503906,-46.1834373474,-0.249693393707,-0.055817634626,-0.0369700510945,0.87063617817
1495232715479483000,42.5569953918,-46.1471939087,-0.249312639236,-0.0562785282683,-0.0367308964576,0.870450619617
1495232715579569000,42.6134490967,-46.0982017517,-0.237960934639,-0.0565625547776,-0.0370832247528,0.870561527191
1495232715679645000,42.6671981812,-46.0497207642,-0.245564341545,-0.0566467355939,-0.0371645330819,0.870195981286
1495232715779786000,42.7101554871,-45.9972724915,-0.236463069916,-0.0565522177041,-0.037188876048,0.870371123304
1495232715879845000,42.7560997009,-45.9665641785,-0.236392259598,-0.0564886089967,-0.0373569549518,0.869991006278
1495232715979902000,42.7982940674,-45.9149475098,-0.231765508652,-0.0564628229654,-0.0373988490261,0.869636139906
1495232716079990000,42.8394508362,-45.8647232056,-0.22637462616,-0.0565686051774,-0.037608462045,0.869550881633
1495232716180101000,42.8867874146,-45.8324966431,-0.227180719376,-0.0564337416802,-0.0378809711352,0.869401995654
1495232716280201000,42.9202003479,-45.8006477356,-0.229685544968,-0.0568023250981,-0.038226842793,0.868459716681
1495232716380282000,42.9754447937,-45.7532691956,-0.226214528084,-0.056744215846,-0.03864157272,0.868761972126
1495232716480362000,43.0263290405,-45.7049942017,-0.23306953907,-0.0563539241106,-0.039042205772,0.867953268964
1495232716580446000,43.0804595947,-45.6572265625,-0.221727728844,-0.0568849195606,-0.0393170189946,0.868462266859
1495232716680546000,43.1311645508,-45.6068916321,-0.222802639008,-0.0562326765007,-0.040019043436,0.867316063267
1495232716780612000,43.1952018738,-45.5555114746,-0.222192049026,-0.0566398734802,-0.0405818367008,0.867818959949
1495232716880699000,43.2500114441,-45.5113143921,-0.226380944252,-0.0569689094165,-0.0410831794761,0.867003239304
1495232716980781000,43.3032302856,-45.4624938965,-0.223979949951,-0.0575454407837,-0.0413512406149,0.86716950413
1495232717080885000,43.3580780029,-45.4228515625,-0.209269404411,-0.0586612615358,-0.0414718049661,0.866335298668
1495232717180944000,43.4067802429,-45.3681488037,-0.205971002579,-0.0579747777929,-0.0416307587401,0.86615326041
1495232717281060000,43.4618797302,-45.3052711487,-0.191468119621,-0.0587499537633,-0.0411300757936,0.865883912471
1495232717381115000,43.5165863037,-45.2648735046,-0.18784403801,-0.0589624074941,-0.0414232413523,0.865083160168
1495232717481202000,43.5707397461,-45.2072792053,-0.191653251648,-0.0586524060805,-0.0420299337797,0.864463923253
1495232717581298000,43.6199073792,-45.1664733887,-0.198131561279,-0.0584851546881,-0.0418696462598,0.863899286058
1495232717681390000,43.6892967224,-45.1054000854,-0.187734365463,-0.058572990014,-0.0425504907182,0.863756406588
1495232717781501000,43.7439651489,-45.0521850586,-0.191149234772,-0.0584549287686,-0.0429395615256,0.863445934842
1495232717881545000,43.789188385,-45.0081748962,-0.193547844887,-0.0578310382305,-0.0433855365127,0.862736141885
1495232717981655000,43.8499717712,-44.9449691772,-0.186415433884,-0.0585070998087,-0.0431186828177,0.86289400954
1495232718081730000,43.9134483337,-44.8950386047,-0.178731203079,-0.0593763594817,-0.0428427937959,0.862313076034
1495232718181816000,43.9494171143,-44.8489837646,-0.171344041824,-0.0591953540916,-0.0422212444214,0.861259897963
1495232718281916000,44.0182342529,-44.7937698364,-0.161932229996,-0.059359618575,-0.041646563945,0.861602094033
1495232718382003000,44.0981216431,-44.7482032776,-0.159799098969,-0.0591967994779,-0.042240554917,0.861100682958
1495232718482080000,44.1458930969,-44.6876602173,-0.162430763245,-0.0585148204114,-0.0418712010685,0.86086073344
1495232718582185000,44.2053756714,-44.6448898315,-0.162459850311,-0.0575364669076,-0.0416525146689,0.860465440337
1495232718682242000,44.2714767456,-44.589427948,-0.165635943413,-0.0567509235501,-0.0419043740745,0.859842996834
1495232718782323000,44.327835083,-44.5463981628,-0.162729620934,-0.0555420020856,-0.042017003057,0.858962663875
1495232718882422000,44.3923454285,-44.4856300354,-0.154916167259,-0.0557259012521,-0.0421403560252,0.859000902697
1495232718982515000,44.4573936462,-44.4247817993,-0.147269845009,-0.0557334590436,-0.0422223257193,0.859077758833
1495232719082596000,44.5314445496,-44.3582878113,-0.135917305946,-0.0552127776649,-0.0406512327627,0.858351610506
1495232719182697000,44.5866584778,-44.2950019836,-0.13320338726,-0.0548087882611,-0.0405789285802,0.858125888438
1495232719282788000,44.6517982483,-44.2489929199,-0.140337705612,-0.0541928220516,-0.0407690905648,0.857059671788
1495232719382855000,44.7121429443,-44.1863212585,-0.141878247261,-0.0536982168963,-0.0408352173504,0.856561693237
1495232719482943000,44.7766799927,-44.1405487061,-0.137854933739,-0.0535553441529,-0.0406100566736,0.855757198214
1495232719583046000,44.849861145,-44.087726593,-0.118596076965,-0.0531093033642,-0.0405421446126,0.855414144804
1495232719683134000,44.9021568298,-44.0442428589,-0.120157361031,-0.0526777787356,-0.0399451938668,0.854825990372
1495232719783210000,44.9657974243,-43.9745483398,-0.121827483177,-0.0524861801313,-0.0403600897598,0.854620940911
1495232719883322000,45.0334892273,-43.9261932373,-0.121355772018,-0.0524855804849,-0.0397643289595,0.854007609781
1495232719983375000,45.0796279907,-43.8763504028,-0.124313354492,-0.0526873838361,-0.0398179597125,0.853839485271
1495232720083478000,45.1531486511,-43.8202819824,-0.131262779236,-0.0515639418942,-0.0400208963889,0.853398818838
1495232720183561000,45.2047424316,-43.7696838379,-0.124503493309,-0.0518217078469,-0.0401678132514,0.852725826161
1495232720283649000,45.2694816589,-43.7270088196,-0.115975260735,-0.0510613153266,-0.0399968117399,0.852742060967
1495232720383741000,45.3337097168,-43.6586837769,-0.115964651108,-0.0504971381803,-0.0405481845467,0.852725804147
1495232720483796000,45.3867835999,-43.6171875,-0.120560884476,-0.050401881672,-0.0405664982327,0.852281612159
1495232720583903000,45.4495582581,-43.5657691956,-0.100414991379,-0.0510155408429,-0.0408522747792,0.851810717136
1495232720683967000,45.5177574158,-43.5044364929,-0.100251674652,-0.0507878089378,-0.0409408953043,0.852099658783
1495232720784068000,45.5719833374,-43.4450721741,-0.102314591408,-0.0508583906263,-0.0412838932187,0.851539215542
1495232720884154000,45.6216659546,-43.4002075195,-0.0829629898071,-0.0515251941323,-0.0408341584853,0.851458688297
1495232720984250000,45.6852607727,-43.3520355225,-0.0839998722076,-0.0517147925805,-0.0405210421382,0.85091607305
1495232721084328000,45.746673584,-43.287902832,-0.0830379724503,-0.051767063236,-0.0408771954245,0.851296051165
1495232721184403000,45.7957839966,-43.2355537415,-0.0761605501175,-0.0519192897022,-0.0407381188621,0.85101383802
1495232721284510000,45.8716659546,-43.1701965332,-0.0818095207214,-0.0519491171483,-0.0409704430076,0.851126273531
1495232721384627000,45.9223747253,-43.1222686768,-0.0784162282944,-0.0521673183883,-0.0408219740827,0.851056377903
1495232721484696000,45.9925880432,-43.0696411133,-0.0806250572205,-0.0531923654651,-0.0408205871193,0.850478596974
1495232721584759000,46.0434379578,-43.024520874,-0.0731389522552,-0.053209349543,-0.0404810518802,0.850625774052
1495232721684861000,46.1066856384,-42.9762268066,-0.0766308307648,-0.05294475671,-0.0414424020632,0.850254024401
1495232721784920000,46.1567611694,-42.9300193787,-0.0667748451233,-0.0536006464222,-0.0414062133505,0.849763789196
1495232721885048000,46.2102737427,-42.8866424561,-0.07261967659,-0.0538361574969,-0.0419858246824,0.850294768614
1495232721985112000,46.2771835327,-42.8339920044,-0.0676765441895,-0.052967408313,-0.0423166001671,0.84969569685
1495232722085193000,46.3292541504,-42.7906532288,-0.0598375797272,-0.0531893230481,-0.0422989152901,0.849388718351
1495232722185293000,46.3893852234,-42.7489891052,-0.0581836700439,-0.0525353327149,-0.0432881964172,0.848764155192
1495232722285379000,46.4402770996,-42.6866493225,-0.0632908344269,-0.051977614378,-0.0435606005685,0.848978295301
1495232722385485000,46.5014915466,-42.6339263916,-0.0626266002655,-0.0516635286022,-0.044153924394,0.848633399851
1495232722485547000,46.5558433533,-42.589553833,-0.0573704242706,-0.0508946614323,-0.0444211705436,0.848949001705
1495232722585620000,46.6256713867,-42.5317001343,-0.0665122270584,-0.0506194190879,-0.0448374615648,0.849071849174
1495232722685705000,46.6618347168,-42.4767608643,-0.0629534721375,-0.050603466456,-0.0446973918755,0.849155705055
1495232722785804000,46.7156448364,-42.4498977661,-0.0573600530624,-0.0503406819089,-0.0449017167129,0.848635719244
1495232722885879000,46.7548294067,-42.4110412598,-0.0509417057037,-0.0503688883563,-0.0449068404266,0.84859193844
1495232722985966000,46.8140983582,-42.3607139587,-0.0392305850983,-0.0508773174997,-0.0453109425788,0.84837348317
1495232723086061000,46.8778076172,-42.3152275085,-0.0467011928558,-0.0507451149021,-0.0460446401175,0.848392632644
1495232723186128000,46.9181137085,-42.2633705139,-0.0296289920807,-0.0507746308099,-0.0455874360208,0.848209864285
1495232723286226000,46.978225708,-42.2179450989,-0.0242174863815,-0.0503320758552,-0.0461855947658,0.848160483069
1495232723386324000,47.0248374939,-42.1782264709,-0.0241503715515,-0.0503171514075,-0.0458753629876,0.847997292334
1495232723486388000,47.088306427,-42.1373748779,-0.0122569799423,-0.0511858337498,-0.0459240591154,0.847723033109
1495232723586473000,47.1386413574,-42.0926895142,-0.0152705907822,-0.0510306356419,-0.0458538342472,0.847426164719
1495232723686561000,47.192565918,-42.035118103,-0.0129914283752,-0.0503832067288,-0.0466821449343,0.847487770782
1495232723786650000,47.2442512512,-42.0013198853,0.00406682491302,-0.0514272673712,-0.0463311522785,0.847551985942
1495232723886747000,47.2902183533,-41.9638595581,-0.00576770305634,-0.0510456108304,-0.0466732019475,0.847363499824
1495232723986845000,47.3401184082,-41.9206886292,0.00650489330292,-0.0509169737667,-0.0466867469566,0.847741940101
1495232724086907000,47.3866767883,-41.8842964172,0.00832915306091,-0.0508963082705,-0.0466520304292,0.847007244619
1495232724187005000,47.4399299622,-41.8329544067,0.0145529508591,-0.0511024026124,-0.0463044393751,0.847151876323
1495232724287090000,47.4886054993,-41.7704200745,0.0103875398636,-0.0515160356382,-0.0462428092567,0.84741560922
1495232724387183000,47.5488166809,-41.7304611206,0.00638675689697,-0.0517382661283,-0.04672647953,0.846947305043
1495232724487277000,47.5897102356,-41.6898460388,0.0134295225143,-0.0519762909071,-0.046644832789,0.846807951246
1495232724587365000,47.647354126,-41.644153595,0.0202527046204,-0.0532263139569,-0.0466863441864,0.846708983933
1495232724687450000,47.6868209839,-41.6008911133,0.0149341821671,-0.0523648070556,-0.0469929887777,0.846911889119
1495232724787562000,47.7438926697,-41.5673179626,0.0264722108841,-0.0529591252162,-0.0468994330683,0.846166992321
1495232724887597000,47.7911987305,-41.5158157349,0.0286129713058,-0.0529740643246,-0.0467624604336,0.846569872134
1495232724987738000,47.8428230286,-41.4811935425,0.0292245149612,-0.0528884838327,-0.0468411278483,0.846105154123
1495232725087803000,47.8867835999,-41.4272842407,0.0327196121216,-0.0530706397065,-0.0470308758616,0.846207951187
1495232725187856000,47.925327301,-41.3981590271,0.0289709568024,-0.0528290831233,-0.0471561323328,0.846010435484
1495232725287971000,47.9796333313,-41.3530235291,0.030131816864,-0.0531410842884,-0.0470913222912,0.845943249457
1495232725388056000,48.0112953186,-41.3214416504,0.0268070697784,-0.052635079302,-0.0469435107867,0.845835715595
1495232725488132000,48.0480232239,-41.302570343,0.0382488965988,-0.0534768647024,-0.0471303395684,0.845582836259
1495232725588234000,48.0816879272,-41.2617874146,0.0326288938522,-0.0527644941353,-0.0473888578847,0.84556421123
1495232725688342000,48.0996360779,-41.2393836975,0.0294721126556,-0.0525733171282,-0.0475771376516,0.845355091591
1495232725788419000,48.1280326843,-41.2186012268,0.0334032773972,-0.0528677645683,-0.0472485405022,0.845919313252
1495232725888476000,48.1290664673,-41.2123374939,0.0324487686157,-0.0525812496324,-0.0473618602168,0.845368548128
1495232725988604000,48.1399078369,-41.1929855347,0.037034034729,-0.0525210908514,-0.0472532806368,0.845788703087
1495232726088687000,48.1451759338,-41.2002334595,0.03966152668,-0.0530039538684,-0.0471577397198,0.845793165517
1495232726188732000,48.1428909302,-41.1963882446,0.0365746021271,-0.0524853345497,-0.0476553307151,0.845641272644
1495232726288856000,48.1417694092,-41.1993713379,0.0447909832001,-0.0531107923057,-0.0474624331387,0.845305554883
1495232726388930000,48.1398086548,-41.2068367004,0.0276259183884,-0.0520307613497,-0.0486482731363,0.845455071526
1495232726489006000,48.1440467834,-41.2040939331,0.0382499694824,-0.0525248703792,-0.0480480234885,0.845344860497
1495232726589065000,48.1418647766,-41.2009468079,0.0314478874207,-0.0522271332419,-0.0482495456494,0.845460294475
1495232726689169000,48.1447029114,-41.2104225159,0.0380702018738,-0.0526346393381,-0.048016411469,0.845466003567
1495232726789250000,48.1369590759,-41.2127990723,0.0286475419998,-0.0521572075472,-0.0481848888711,0.845147549125
1495232726889338000,48.1406021118,-41.2035102844,0.0322151184082,-0.052192125176,-0.0483189430057,0.845474531605
1495232726989412000,48.1433334351,-41.205368042,0.0330183506012,-0.0523222566786,-0.0478500426318,0.845509438489
1495232727089514000,48.1429023743,-41.2144851685,0.0299195051193,-0.0520097138047,-0.0482782041522,0.845190132749
1495232727189599000,48.1409454346,-41.2049827576,0.0357843637466,-0.0525112529996,-0.0479473918113,0.845464616518
1495232727289674000,48.1430778503,-41.2050590515,0.0374526977539,-0.052348377195,-0.0480511377002,0.845868615206
1495232727389765000,48.1439056396,-41.2055206299,0.0370610952377,-0.0523748543436,-0.047626400814,0.845307164507
1495232727489870000,48.1436347961,-41.2050209045,0.0338534116745,-0.0521327358649,-0.0480483927184,0.845461525593
1495232727589948000,48.1417160034,-41.2039413452,0.0442779064178,-0.0528584537559,-0.047856401531,0.845314630382
1495232727690030000,48.1383132935,-41.2114524841,0.0298326015472,-0.0523722693855,-0.0481175395179,0.84529712182
1495232727790119000,48.1401672363,-41.2089576721,0.0354132652283,-0.0523182136401,-0.0480263918513,0.84550010379
1495232727890194000,48.1428756714,-41.2090644836,0.0401936769485,-0.0522979078994,-0.0480634118014,0.84564588084
1495232727990277000,48.1482162476,-41.209564209,0.036527633667,-0.0525579913353,-0.0482858685555,0.84486386644
1495232728090390000,48.1455421448,-41.2072372437,0.0351355075836,-0.0522675608116,-0.0484469559488,0.84530572828
1495232728190460000,48.1451034546,-41.2111930847,0.0385949611664,-0.0526112711409,-0.0486493099938,0.845044570976
1495232728290547000,48.1468086243,-41.2049446106,0.0389981269836,-0.052401377279,-0.0484599165437,0.845402018566
1495232728390623000,48.1495056152,-41.2147216797,0.041596531868,-0.0524864912232,-0.0482966919658,0.844926496597
1495232728490710000,48.1394042969,-41.2050056458,0.0344924926758,-0.0524304307032,-0.048239844882,0.845466731213
1495232728590798000,48.1407470703,-41.202922821,0.0389317274094,-0.0524102983575,-0.0479089063465,0.845530706851
1495232728690881000,48.1455535889,-41.1984367371,0.0321428775787,-0.0523656721355,-0.0480120664984,0.845711841204
1495232728790970000,48.1427841187,-41.2134895325,0.0339179039001,-0.0522790368924,-0.0481744123735,0.845203780333
1495232728891067000,48.1434288025,-41.2101325989,0.0384712219238,-0.0525502996047,-0.0480941772725,0.845201903097
1495232728991140000,48.1453323364,-41.210308075,0.0300455093384,-0.0526310237885,-0.0483112711309,0.845608131349
1495232729091240000,48.1388702393,-41.2015342712,0.0375537872314,-0.0519812637547,-0.0479649879608,0.845283619324
1495232729191335000,48.1430435181,-41.2069778442,0.0309120416641,-0.0530189072428,-0.0479134937177,0.846020443314
1495232729291401000,48.1415061951,-41.2130241394,0.0383952856064,-0.0521521500999,-0.0481660692214,0.845301490441
1495232729391486000,48.1490135193,-41.2068634033,0.0384649038315,-0.0526686365316,-0.0483907909789,0.845329913924
1495232729491584000,48.1420288086,-41.215511322,0.0365068912506,-0.0524446488916,-0.0482834256432,0.845059402327
1495232729591684000,48.1476974487,-41.2071037292,0.037625670433,-0.0526033041611,-0.048673541889,0.845236384974
1495232729691773000,48.1376647949,-41.2078552246,0.041019320488,-0.0526816208748,-0.0478412520627,0.845713503453
1495232729791879000,48.1440696716,-41.2064552307,0.0333354473114,-0.0525493719168,-0.0481572076563,0.8454577414
1495232729891934000,48.145149231,-41.2096862793,0.0379843711853,-0.0519060019561,-0.0485861923256,0.84555448487
1495232729992005000,48.1370620728,-41.2039108276,0.0333828926086,-0.0529100327939,-0.0479773962761,0.845333622067
1495232730092094000,48.1462173462,-41.2043113708,0.0337529182434,-0.0522170622375,-0.0479952236853,0.845460744363
1495232730192192000,48.1425743103,-41.2027168274,0.0365533828735,-0.0527872978215,-0.0488886576261,0.845160160938
1495232730292281000,48.1417884827,-41.2102050781,0.0327717065811,-0.0523255859643,-0.047412540078,0.845736663278
1495232730392352000,48.1457824707,-41.2106437683,0.042609333992,-0.0526648782733,-0.0481814688106,0.845113979446
1495232730492438000,48.1382255554,-41.2104911804,0.0369223356247,-0.0525986487323,-0.0479800778457,0.845338701699
1495232730592536000,48.1410522461,-41.2087440491,0.043928861618,-0.0528833760107,-0.0479863659226,0.845385641552
1495232730692622000,48.1349143982,-41.2024650574,0.0388923883438,-0.0528514994581,-0.048141703656,0.845310716433
1495232730792737000,48.1381950378,-41.2051429749,0.0406194925308,-0.0523898841901,-0.0483790052685,0.845399882763
1495232730892815000,48.1421356201,-41.2076530457,0.0433619022369,-0.0527907445988,-0.0480291069935,0.845394385733
1495232730992898000,48.1418914795,-41.203086853,0.0350103378296,-0.0524419187401,-0.0481544290939,0.845392088922
1495232731092985000,48.1393127441,-41.2122688293,0.0376390218735,-0.0525584885048,-0.0479140680716,0.845282585814
1495232731193071000,48.1432533264,-41.2080230713,0.0334085226059,-0.0523230244721,-0.0483836263105,0.845290456298
1495232731293157000,48.1385955811,-41.1974449158,0.0339626073837,-0.0520169123699,-0.0480869269258,0.84565621994
1495232731393227000,48.1397514343,-41.2042884827,0.0378106832504,-0.0526666835497,-0.0479588639919,0.845598611745
1495232731493330000,48.1469688416,-41.2120704651,0.0328624248505,-0.0524446325835,-0.0480528607733,0.845157652275
1495232731593388000,48.1416053772,-41.2026939392,0.0387325286865,-0.0528638749172,-0.0480152739445,0.845586811372
1495232731693475000,48.1401977539,-41.2061195374,0.0370740890503,-0.0525287167918,-0.048030087876,0.845305283909
1495232731793574000,48.1398391724,-41.2006149292,0.0363827943802,-0.0527062383152,-0.0479288595537,0.845522476877
1495232731893649000,48.1456794739,-41.204875946,0.0392569303513,-0.0528449991968,-0.0480875684173,0.845298933861
1495232731993746000,48.1398773193,-41.199016571,0.0397434234619,-0.0526786479639,-0.0479582672593,0.845649376819
1495232732093822000,48.1425247192,-41.209312439,0.0371737480164,-0.0526966157654,-0.0481743154035,0.845247196837
1495232732193932000,48.1454772949,-41.2066078186,0.0419188737869,-0.0526311811138,-0.0481911098767,0.845539046025
1495232732294044000,48.1422348022,-41.2100334167,0.0379745960236,-0.0523830697719,-0.0482527009173,0.845351745648
1495232732394109000,48.1474380493,-41.1985054016,0.0444692373276,-0.0525250837901,-0.0480688570142,0.845749458639
1495232732494189000,48.1440811157,-41.2117118835,0.0341846942902,-0.0525206064591,-0.0483169924023,0.845229641378
1495232732594267000,48.1466636658,-41.2045669556,0.0369205474854,-0.0523682226514,-0.0481944068613,0.84564431429
1495232732694363000,48.1448364258,-41.2041702271,0.0298118591309,-0.0516568216369,-0.0483406831079,0.84558995596
1495232732794450000,48.1465682983,-41.2123031616,0.040994644165,-0.0526270250559,-0.0481239357949,0.845343130276
1495232732894514000,48.1438407898,-41.2092399597,0.0296143293381,-0.0522324280447,-0.0482165869284,0.845353631745
1495232732994611000,48.1415519714,-41.2048912048,0.0376538038254,-0.0522972641841,-0.0483607859161,0.845574034689
1495232733094710000,48.1456642151,-41.2149047852,0.0383472442627,-0.0523927615255,-0.0480947329833,0.845342583536
1495232733194773000,48.141078949,-41.2104454041,0.0406519174576,-0.0525800797016,-0.0480859162039,0.845228767197
1495232733294859000,48.1449584961,-41.2130813599,0.0351816415787,-0.0524753825109,-0.0484366098568,0.845202049301
1495232733394946000,48.146987915,-41.209438324,0.0451631546021,-0.0525134100252,-0.048239744182,0.845237110492
1495232733495044000,48.1413764954,-41.2033500671,0.036235332489,-0.052665747086,-0.0480918574597,0.845460001977
1495232733595128000,48.1463432312,-41.1961746216,0.0391215085983,-0.0522256276459,-0.0482911459929,0.845551679768
1495232733695204000,48.1441764832,-41.2146911621,0.0400578975677,-0.0524871181942,-0.0479819053412,0.845384447027
1495232733795302000,48.1476020813,-41.2079620361,0.0396169424057,-0.0523916535998,-0.048392819912,0.845296690961
1495232733895413000,48.1486320496,-41.2150917053,0.0435354709625,-0.0527808930471,-0.0481288103934,0.845034652096
1495232733995495000,48.1425857544,-41.205329895,0.0372490882874,-0.0524288321872,-0.0482049318541,0.845382933852
1495232734095581000,48.1446075439,-41.2125549316,0.0361602306366,-0.0521681127819,-0.0483309114345,0.845397124553
1495232734195686000,48.1448135376,-41.2048683167,0.0413926839828,-0.0525309185307,-0.0481044709789,0.845516685356
1495232734295722000,48.1442260742,-41.2087860107,0.032119512558,-0.0522008522654,-0.0480521297726,0.845301077803
1495232734395839000,48.1446380615,-41.2087440491,0.0429583787918,-0.052346034527,-0.0482213757673,0.845367720941
1495232734495912000,48.1428413391,-41.209903717,0.0353300571442,-0.0524911254564,-0.0481648086113,0.845441026539
1495232734596036000,48.1451034546,-41.2037734985,0.0406895875931,-0.0527447362569,-0.0482551028,0.845364521557
1495232734696080000,48.1422042847,-41.2092704773,0.0347155332565,-0.0524847890398,-0.0481510537938,0.845450372052
1495232734796167000,48.1447639465,-41.2120361328,0.047328710556,-0.0527427068959,-0.0478334349115,0.845527783025
1495232734896254000,48.1451835632,-41.2062339783,0.0320491790771,-0.0522887506209,-0.0481775713596,0.845469175449
1495232734996343000,48.148563385,-41.2161865234,0.0402611494064,-0.0525057163354,-0.0482149570824,0.845296730806
1495232735096426000,48.1459922791,-41.2079315186,0.0390325784683,-0.0524664912372,-0.0483480491624,0.845069648551
1495232735196522000,48.1462249756,-41.1993865967,0.0431549549103,-0.0527844511909,-0.0478153353833,0.845675006766
1495232735296605000,48.1457366943,-41.2006835938,0.0335984230042,-0.0525165310277,-0.0481511507637,0.845490061726
1495232735396697000,48.1406402588,-41.2026023865,0.0409140586853,-0.0524485970228,-0.0482545284367,0.8456758961
1495232735496787000,48.1487045288,-41.2150688171,0.0340006351471,-0.0524386717547,-0.0483563140652,0.845166899447
1495232735596848000,48.1462440491,-41.2040748596,0.0390558242798,-0.0528462370636,-0.0479609339081,0.845385952326
1495232735696949000,48.1427345276,-41.2067832947,0.039766907692,-0.0524331161261,-0.0481749904642,0.845616739681
1495232735797043000,48.1480255127,-41.2078361511,0.0305192470551,-0.0522316698222,-0.0485168462861,0.845070097134
1495232735897128000,48.1470298767,-41.2092399597,0.03837454319,-0.0525844036007,-0.0482847571236,0.845397329944
1495232735997206000,48.1395339966,-41.2042007446,0.0325952768326,-0.0520645731744,-0.04821955571,0.845235107345
1495232736097292000,48.1456985474,-41.1978874207,0.0363166332245,-0.0519292578747,-0.0483730378227,0.845753986944
1495232736197387000,48.1484985352,-41.2032089233,0.0377451181412,-0.0525527808236,-0.0483931182845,0.845242882022
1495232736297454000,48.1435050964,-41.1982383728,0.0388767719269,-0.052653037363,-0.0481636710786,0.845694780345
1495232736397538000,48.1382675171,-41.2097053528,0.0382037162781,-0.0525332554748,-0.0480442565984,0.845380818156
1495232736497627000,48.146396637,-41.2063217163,0.0344817638397,-0.0520926132045,-0.0482832205131,0.845408861622
1495232736597714000,48.1441345215,-41.2061729431,0.0420571565628,-0.0525763442819,-0.0480728215776,0.845318765587
1495232736697799000,48.1417198181,-41.2031707764,0.0280884504318,-0.0521477011499,-0.0481745354509,0.845429896792
1495232738699541000,48.1437759399,-41.1952095032,0.0348335504532,-0.0525743085869,-0.0485181740519,0.84541698344
1495232738799613000,48.1412582397,-41.2069091797,0.0428575277328,-0.0530444677661,-0.0481899499649,0.84545944326
1495232738899700000,48.1432189941,-41.2035484314,0.0373361110687,-0.0522254332887,-0.0480129914363,0.845009715484
1495232738999847000,48.140663147,-41.1955528259,0.0360029935837,-0.05242523952,-0.0482214056043,0.845535073555
1495232739099887000,48.1458930969,-41.1988334656,0.030361533165,-0.052148818747,-0.0483313328844,0.845623450805
1495232739199959000,48.1380386353,-41.1975631714,0.041620850563,-0.0527913318646,-0.0481832851349,0.845515094779
1495232739300052000,48.1453590393,-41.2053146362,0.0324249267578,-0.0519650879025,-0.0480262091014,0.845407062089
1495232739400155000,48.1436882019,-41.2053375244,0.0415943861008,-0.0521709220296,-0.0481830911947,0.845367143819
1495232739500219000,48.1465873718,-41.2063751221,0.0324312448502,-0.0528045551613,-0.0486289793924,0.845321433327
1495232739600317000,48.1418190002,-41.2084846497,0.043363571167,-0.0521851751965,-0.0486792147748,0.845213281528
1495232739700392000,48.1450576782,-41.2063331604,0.0343062877655,-0.0525858289013,-0.048286562268,0.845346435165
1495232739800507000,48.1402549744,-41.2010650635,0.0374511480331,-0.052156655955,-0.0487621897678,0.845249200396
1495232739900582000,48.1464538574,-41.2050857544,0.0337541103363,-0.0525649269544,-0.0480109215149,0.845542116391
1495232740000679000,48.1428756714,-41.198059082,0.0447022914886,-0.052442367021,-0.0484753909451,0.845278547783
1495232740100771000,48.1400146484,-41.2048416138,0.038746714592,-0.0526629865261,-0.0482534692214,0.845534619831
1495232740200869000,48.144443512,-41.2047195435,0.0466306209564,-0.05259133686,-0.0478878119113,0.845380704866
1495232740300962000,48.1369934082,-41.2030258179,0.039982676506,-0.0525464231457,-0.0479228549417,0.845387783571
1495232740401052000,48.1470527649,-41.2012825012,0.0378787517548,-0.0519963392197,-0.0483879974665,0.845449534424
1495232740501124000,48.1374893188,-41.2087020874,0.0408687591553,-0.0524562898657,-0.0480557064548,0.845540092586
1495232740601216000,48.1415328979,-41.2083358765,0.0271903276443,-0.0519689136663,-0.0482057001564,0.845395783857
1495232740701282000,48.1415290833,-41.2018890381,0.034320473671,-0.0520546174291,-0.0482748101837,0.845628863276
1495232740801382000,48.1474304199,-41.2076721191,0.0424808263779,-0.0529388788177,-0.0482942453226,0.845304862439
1495232740901456000,48.1433334351,-41.2031326294,0.0380640029907,-0.0524632964697,-0.0485723066884,0.845351833655
1495232741001526000,48.1468734741,-41.204120636,0.0465579032898,-0.0532994326407,-0.0482272685767,0.845378772442
1495232741101605000,48.1344795227,-41.1971282959,0.0406364202499,-0.0525939977992,-0.0481576104546,0.845581895212
1495232741201703000,48.1453094482,-41.1917762756,0.0380277633667,-0.0524969528209,-0.0483177756274,0.845590058442
1495232741301778000,48.141040802,-41.2051696777,0.0316739082336,-0.0520375253054,-0.0483671897276,0.845476150215
1495232741401874000,48.1484069824,-41.2006988525,0.0340909957886,-0.0520323312897,-0.0486573549649,0.84567027136
1495232741501987000,48.1419677734,-41.2089881897,0.0360350608826,-0.0523693992263,-0.0482861370893,0.845345463872
1495232741602033000,48.1488800049,-41.2033920288,0.0400074720383,-0.0523710842714,-0.0483815115962,0.845702730683
1495232741702132000,48.1424789429,-41.2023773193,0.0352149009705,-0.0520056183225,-0.0484782590628,0.84523442216
1495232741802207000,48.1407814026,-41.1958999634,0.0411087274551,-0.0524148535935,-0.0481902557937,0.845592264748
1495232741902328000,48.1397628784,-41.2040901184,0.0375834703445,-0.0525351918074,-0.0482063416515,0.845543992764
1495232742002392000,48.1465339661,-41.2022590637,0.0387986898422,-0.0524597309694,-0.0484331599174,0.845478919698
1495232742102467000,48.1360816956,-41.2057952881,0.0371578931808,-0.052307155868,-0.0479610644434,0.845306563573
1495232742202561000,48.1459274292,-41.1980934143,0.0405007600784,-0.0526823016983,-0.0480980933559,0.845479131201
1495232742302640000,48.1382217407,-41.2024497986,0.0354024171829,-0.0524614164346,-0.0481951117597,0.845489980367
1495232742402748000,48.1393623352,-41.2143173218,0.0328499078751,-0.0522961491451,-0.0481512514633,0.845324820731
1495232742502823000,48.1340446472,-41.2036781311,0.0385347604752,-0.0524461731397,-0.0481715293796,0.845425401716
1495232742602900000,48.1378898621,-41.2022895813,0.0303118228912,-0.0523645479893,-0.0486009842879,0.845397869336
1495232742702984000,48.1395530701,-41.2042121887,0.0418013334274,-0.0527022744535,-0.0481509903904,0.845212169088
1495232742803071000,48.1408462524,-41.1969985962,0.0342020988464,-0.0525366677355,-0.0485285089958,0.845442253429
1495232742903192000,48.1472549438,-41.2001113892,0.0400004386902,-0.0519178210962,-0.0483313739105,0.84552355896
1495232743003259000,48.1396331787,-41.2061805725,0.0336526632309,-0.0525706347817,-0.0476215822757,0.845403781983
1495232743103357000,48.1482048035,-41.1954727173,0.0331091880798,-0.0525596078425,-0.048214494609,0.845523556158
1495232743203439000,48.1433792114,-41.2078590393,0.0439441204071,-0.0528196567298,-0.0483999733946,0.845153451729
1495232743303544000,48.1450195312,-41.21144104,0.0360567569733,-0.0524643297567,-0.0479891593808,0.845384506854
1495232743403615000,48.1411209106,-41.2196159363,0.041788816452,-0.0524962566323,-0.0481070332175,0.845030319947
1495232743503697000,48.1489944458,-41.2146682739,0.0403566360474,-0.0530209700037,-0.0481105912611,0.84511377295
1495232743603776000,48.1454391479,-41.2043228149,0.0364637374878,-0.0522687158443,-0.0480944532631,0.845369849428
1495232743703851000,48.1365699768,-41.1916847229,0.0400583744049,-0.052625535441,-0.048108767484,0.84581175904
1495232743803935000,48.1449737549,-41.2008361816,0.0390334129333,-0.0525644337294,-0.0480469046102,0.845757980745
1495232743904037000,48.1440391541,-41.2216835022,0.0403689146042,-0.0527592422191,-0.0481299889499,0.845030301089
1495232744004109000,48.1450119019,-41.2086257935,0.041406750679,-0.0526621013159,-0.0482127416856,0.845167244256
1495232744104208000,48.1446914673,-41.220085144,0.0405267477036,-0.0525648548912,-0.0483750518355,0.845138038366
1495232744204293000,48.145565033,-41.201675415,0.0365332365036,-0.0523429990451,-0.0482254149523,0.845225359872
1495232744304392000,48.1463623047,-41.2141456604,0.044882774353,-0.0525600328557,-0.0480090641802,0.845466320258
1495232744404469000,48.1447677612,-41.1981544495,0.0456190109253,-0.0529338881962,-0.047957801062,0.845218205051
1495232744504548000,48.1427192688,-41.2081947327,0.0392836332321,-0.0524548493661,-0.0478851639197,0.845283857881
1495232744604664000,48.1385383606,-41.202709198,0.0386420488358,-0.0524616076247,-0.0479834866843,0.845467260195
1495232744704713000,48.1338844299,-41.1968650818,0.0369075536728,-0.0524566798868,-0.0480359097689,0.845595153016
1495232744804803000,48.1427078247,-41.198009491,0.040874838829,-0.0528625182901,-0.048166102788,0.845436759784
1495232744904887000,48.1380462646,-41.2005081177,0.0366076231003,-0.0521567429196,-0.0484528749303,0.845484852954
1495232745004985000,48.144695282,-41.2096138,0.0412275791168,-0.0528709907761,-0.0485119529478,0.84538370045
1495232745105074000,48.1360282898,-41.2006263733,0.0381247997284,-0.0526453844123,-0.048304438428,0.845497316911
1495232745205145000,48.1401329041,-41.207649231,0.0403563976288,-0.0525611053938,-0.0481016588572,0.845432261035
1495232745305256000,48.147190094,-41.2028846741,0.039298415184,-0.0524307142212,-0.0482317329405,0.845448365086
1495232745405333000,48.1360359192,-41.2080497742,0.0409826040268,-0.0528300201159,-0.0485834510024,0.845443134068
1495232745505418000,48.1413574219,-41.2013473511,0.0416598320007,-0.0526188704911,-0.048025347566,0.845256024862
1495232745605525000,48.1461181641,-41.2128295898,0.0411849021912,-0.0524955114344,-0.0484575631228,0.845241760508
1495232745705580000,48.1386299133,-41.1995582581,0.034096121788,-0.0523728548469,-0.0480447862007,0.845619109204
1495232745805675000,48.1503219604,-41.209022522,0.047451376915,-0.0527894592387,-0.0483600511749,0.845259229096
1495232745905749000,48.1400489807,-41.2155303955,0.0396345853806,-0.0526030507535,-0.0481265129544,0.845017862278
1495232746005836000,48.1479911804,-41.21352005,0.0476194620132,-0.052893400533,-0.0481647377486,0.845161230724
1495232746105922000,48.1372413635,-41.2097930908,0.028333902359,-0.0518808629236,-0.0480318184065,0.845419040128
1495232746206009000,48.1445121765,-41.2021026611,0.0394457578659,-0.0528185470512,-0.0481431507452,0.845183782784
1495232746306098000,48.138343811,-41.2098655701,0.0421159267426,-0.0524164096306,-0.0478729682443,0.845294685131
1495232746406196000,48.1409187317,-41.200378418,0.0404728651047,-0.0531003920044,-0.0479304968364,0.845538671864
1495232746506298000,48.1396026611,-41.2055435181,0.0440274477005,-0.0523948460384,-0.0480945166664,0.845278626164
1495232746606383000,48.1383323669,-41.2067604065,0.0502680540085,-0.0528694915774,-0.0480178958455,0.845208658716
1495232746706498000,48.1468276978,-41.2044448853,0.0353552103043,-0.052717814282,-0.0484240446208,0.845496269095
1495232746806534000,48.1434745789,-41.2157745361,0.0449950695038,-0.0527314470302,-0.0484059110109,0.84516632202
1495232746906616000,48.1440010071,-41.2070350647,0.0373886823654,-0.0526953589715,-0.0478693281909,0.845477535711
1495232747006724000,48.1395683289,-41.2062492371,0.0440026521683,-0.0526519389084,-0.0480064609282,0.845248233622
1495232747106844000,48.1384773254,-41.2004699707,0.0431951284409,-0.0528475038557,-0.0473473152795,0.845622048591
1495232747206920000,48.1398429871,-41.2006645203,0.0382871627808,-0.0524684476861,-0.0478306824993,0.845387560067
1495232747306975000,48.1389503479,-41.2065582275,0.0427712202072,-0.0524377320133,-0.0476549652217,0.845926141179
1495232747407089000,48.1366539001,-41.217338562,0.0360059738159,-0.0524533919131,-0.0477956955668,0.845071274433
1495232747507134000,48.1390724182,-41.2093238831,0.0412245988846,-0.0525268862501,-0.0480588766116,0.845216044621
1495232747607260000,48.1411018372,-41.2146682739,0.0392348766327,-0.0525816659232,-0.0480928495339,0.845294092592
1495232747707319000,48.1392440796,-41.2027397156,0.0442283153534,-0.0526565061008,-0.0480788113145,0.845255373511
1495232747807398000,48.1442184448,-41.2129364014,0.0401610136032,-0.052781827067,-0.0483286960252,0.845100199528
1495232747907480000,48.1428222656,-41.2063560486,0.0389387607574,-0.0522790679791,-0.0480189550488,0.845289569045
1495232748007588000,48.1411590576,-41.2110099792,0.0478106737137,-0.0531405380611,-0.0481413679909,0.845172151786
1495232748107654000,48.1445388794,-41.203994751,0.0456141233444,-0.0526414251327,-0.0488736826988,0.845268930522
1495232748207764000,48.1512451172,-41.2043533325,0.0501161813736,-0.0530480764726,-0.048913915486,0.845050370856
1495232748307827000,48.1592216492,-41.1867446899,0.0360120534897,-0.0525435672616,-0.0488659285627,0.845297227748
1495232748407939000,48.1697349548,-41.181678772,0.0481357574463,-0.052790274353,-0.0492538030927,0.845095499429
1495232748508008000,48.1797142029,-41.1682434082,0.0436259508133,-0.0524957057244,-0.0493678984097,0.845355696441
1495232748608099000,48.1873397827,-41.1645202637,0.0479334592819,-0.0531599910911,-0.0491664174796,0.845126479543
1495232748708195000,48.2013969421,-41.1450004578,0.0466302633286,-0.0528094708008,-0.0489497957246,0.84575255502
1495232748808274000,48.2301483154,-41.1279830933,0.0474395751953,-0.0533943431962,-0.050151380317,0.8451086504
1495232748908381000,48.2489852905,-41.0973434448,0.0581502914429,-0.0538709097707,-0.0495147611777,0.844769453222
1495232749008444000,48.2855262756,-41.066783905,0.0485817193985,-0.0533770944916,-0.0497659390859,0.844224748339
1495232749108516000,48.3287887573,-41.0398139954,0.0535677671432,-0.0528957313821,-0.049696797897,0.843834590761
1495232749208640000,48.3554420471,-41.0054740906,0.0595532655716,-0.0530676787829,-0.0491921120706,0.842938934979
1495232749308702000,48.4022254944,-40.9718322754,0.0666340589523,-0.0522330137146,-0.0490257411945,0.842482907117
1495232749408777000,48.4522781372,-40.9357223511,0.0601012706757,-0.0522213955565,-0.0492838915207,0.84151785825
1495232749508889000,48.5033569336,-40.8781051636,0.0671718120575,-0.0515605960578,-0.0491143794117,0.841004479364
1495232749608975000,48.5585441589,-40.8366622925,0.0597487688065,-0.0507448491664,-0.049708685077,0.84012183835
1495232749709047000,48.6179885864,-40.7829666138,0.0659334659576,-0.0504714331193,-0.0501932829571,0.839696861912
1495232749809145000,48.6720962524,-40.7382774353,0.064662694931,-0.0498624543503,-0.0500090783553,0.839517297376
1495232749909264000,48.7424507141,-40.688999176,0.07337474823,-0.0499143826737,-0.050734780154,0.839347863914
1495232750009330000,48.8081665039,-40.6313972473,0.0803453922272,-0.0506339252691,-0.0514007841012,0.839041219812
1495232750109408000,48.8883743286,-40.5862121582,0.0872803926468,-0.0507787374983,-0.0510356179392,0.839514742037
1495232750209491000,48.9572677612,-40.4967880249,0.0959943532944,-0.0506839462373,-0.0516406198791,0.839942001007
1495232750309556000,49.0375938416,-40.4052276611,0.111345171928,-0.0507327002899,-0.0522158163704,0.841503527406
1495232750409689000,49.1192893982,-40.3389129639,0.126254916191,-0.0510816270753,-0.052409587929,0.841688232436
1495232750509748000,49.2072601318,-40.2546806335,0.132154107094,-0.0508821786115,-0.0534231419858,0.8428761934
1495232750609840000,49.2962760925,-40.193523407,0.128759622574,-0.050488858403,-0.0531943934053,0.843375121992
1495232750709900000,49.3960075378,-40.1087722778,0.127023458481,-0.049678261295,-0.0533571587557,0.844946280405
1495232750809987000,49.4836196899,-40.0398674011,0.129371523857,-0.0495821281254,-0.0536924531267,0.845963435532
1495232750910074000,49.5825920105,-39.9649505615,0.137545347214,-0.0501938229393,-0.0547917267157,0.847388281563
1495232751010166000,49.6727256775,-39.8785934448,0.132858633995,-0.0503943873219,-0.0551246481983,0.84889441409
1495232751110249000,49.7449226379,-39.8121795654,0.149287581444,-0.0505658605553,-0.0545649049842,0.849872758409
1495232751210349000,49.8366203308,-39.7091064453,0.146534204483,-0.05020135831,-0.0548619198005,0.851734751787
1495232751310429000,49.9251060486,-39.6433639526,0.161566734314,-0.0508586071923,-0.0548675310804,0.852896385976
1495232751410530000,50.0165748596,-39.5687980652,0.156003952026,-0.0498694539302,-0.0554613553271,0.854330461065
1495232751510614000,50.1170349121,-39.4856529236,0.13373196125,-0.0481253913496,-0.0565731948992,0.855924201419
1495232751610703000,50.2139625549,-39.4058151245,0.15543794632,-0.0491898810082,-0.0565419418955,0.857905188557
1495232751710853000,50.3062400818,-39.3347549438,0.161798119545,-0.0491976146925,-0.056449713022,0.859708540113
1495232751810850000,50.3911056519,-39.2622947693,0.18334376812,-0.0495540927903,-0.0567951875925,0.861786829705
1495232751910948000,50.497253418,-39.1626625061,0.178290724754,-0.0487702227502,-0.0569705412262,0.86413218904
1495232752011036000,50.5833282471,-39.0718383789,0.188510417938,-0.0486579054916,-0.0568809294984,0.866421572561
1495232752111109000,50.6889457703,-38.9804039001,0.186368942261,-0.0487337442686,-0.0573780423159,0.868783593477
1495232752211230000,50.7798919678,-38.885723114,0.205126285553,-0.048852382726,-0.0569135636964,0.870995825381
1495232752311314000,50.8875808716,-38.8076705933,0.214496016502,-0.0497795811558,-0.056735759171,0.873098812795
1495232752411391000,50.9960746765,-38.7332496643,0.226080298424,-0.0499454374856,-0.0566928269533,0.875159352615
1495232752511482000,51.0804519653,-38.6607093811,0.229348778725,-0.049921693969,-0.0554478415521,0.876670404367
1495232752611560000,51.1653251648,-38.5769233704,0.227328538895,-0.0499603542521,-0.0549896514639,0.878816732783
1495232752711660000,51.252986908,-38.5061416626,0.227702140808,-0.0490553954335,-0.0530527219214,0.880750437369
1495232752811740000,51.3323249817,-38.4208145142,0.235772609711,-0.0480890400815,-0.0533975947676,0.882839440785
1495232752911835000,51.4184837341,-38.3575973511,0.253575325012,-0.0485503223107,-0.0529839905955,0.884123580123
1495232753011906000,51.480846405,-38.2829666138,0.242693066597,-0.0469054558716,-0.0526809102185,0.88568193892
1495232753111996000,51.5580978394,-38.2260398865,0.242137074471,-0.0475884200518,-0.051893175259,0.88739551881
1495232753212061000,51.612361908,-38.1690406799,0.243017673492,-0.0480373786352,-0.0510625048578,0.888582944767
1495232753312160000,51.6769561768,-38.1172981262,0.261648058891,-0.0476847890524,-0.0507888292313,0.889465247447
1495232753412259000,51.7221221924,-38.0630531311,0.268263459206,-0.0470381542121,-0.0508906276586,0.891058995061
