timestamp,width,height,frame_id,filename
1490992740880423250,1368,1096,camera,camera/1490992740880423250.jpg
1490992740922116410,1368,1096,camera,camera/1490992740922116410.jpg
1490992740963762368,1368,1096,camera,camera/1490992740963762368.jpg
1490992741005450791,1368,1096,camera,camera/1490992741005450791.jpg
1490992741047096213,1368,1096,camera,camera/1490992741047096213.jpg
1490992741088741119,1368,1096,camera,camera/1490992741088741119.jpg
1490992741130406960,1368,1096,camera,camera/1490992741130406960.jpg
1490992741172126258,1368,1096,camera,camera/1490992741172126258.jpg
1490992741216147755,1368,1096,camera,camera/1490992741216147755.jpg
1490992741255475550,1368,1096,camera,camera/1490992741255475550.jpg
1490992741297070228,1368,1096,camera,camera/1490992741297070228.jpg
1490992741338782692,1368,1096,camera,camera/1490992741338782692.jpg
1490992741380521317,1368,1096,camera,camera/1490992741380521317.jpg
1490992741424577574,1368,1096,camera,camera/1490992741424577574.jpg
1490992741463893640,1368,1096,camera,camera/1490992741463893640.jpg
1490992741505481539,1368,1096,camera,camera/1490992741505481539.jpg
1490992741547139197,1368,1096,camera,camera/1490992741547139197.jpg
1490992741588811492,1368,1096,camera,camera/1490992741588811492.jpg
1490992741630495411,1368,1096,camera,camera/1490992741630495411.jpg
1490992741672142084,1368,1096,camera,camera/1490992741672142084.jpg
1490992741713728734,1368,1096,camera,camera/1490992741713728734.jpg
1490992741755492874,1368,1096,camera,camera/1490992741755492874.jpg
1490992741797070424,1368,1096,camera,camera/1490992741797070424.jpg
1490992741838761671,1368,1096,camera,camera/1490992741838761671.jpg
1490992741880519458,1368,1096,camera,camera/1490992741880519458.jpg
1490992741922253207,1368,1096,camera,camera/1490992741922253207.jpg
1490992741963837223,1368,1096,camera,camera/1490992741963837223.jpg
1490992742005495803,1368,1096,camera,camera/1490992742005495803.jpg
1490992742047099374,1368,1096,camera,camera/1490992742047099374.jpg
1490992742088787727,1368,1096,camera,camera/1490992742088787727.jpg
1490992742130495970,1368,1096,camera,camera/1490992742130495970.jpg
1490992742172283465,1368,1096,camera,camera/1490992742172283465.jpg
1490992742213867139,1368,1096,camera,camera/1490992742213867139.jpg
1490992742255472059,1368,1096,camera,camera/1490992742255472059.jpg
1490992742297091829,1368,1096,camera,camera/1490992742297091829.jpg
1490992742338808769,1368,1096,camera,camera/1490992742338808769.jpg
1490992742380493101,1368,1096,camera,camera/1490992742380493101.jpg
1490992742422108603,1368,1096,camera,camera/1490992742422108603.jpg
1490992742463819539,1368,1096,camera,camera/1490992742463819539.jpg
1490992742505587188,1368,1096,camera,camera/1490992742505587188.jpg
1490992742547144360,1368,1096,camera,camera/1490992742547144360.jpg
1490992742588758397,1368,1096,camera,camera/1490992742588758397.jpg
1490992742630424534,1368,1096,camera,camera/1490992742630424534.jpg
1490992742672167318,1368,1096,camera,camera/1490992742672167318.jpg
1490992742713835453,1368,1096,camera,camera/1490992742713835453.jpg
1490992742755455834,1368,1096,camera,camera/1490992742755455834.jpg
1490992742797119476,1368,1096,camera,camera/1490992742797119476.jpg
1490992742838896500,1368,1096,camera,camera/1490992742838896500.jpg
1490992742880454854,1368,1096,camera,camera/1490992742880454854.jpg
1490992742922198192,1368,1096,camera,camera/1490992742922198192.jpg
1490992742963912813,1368,1096,camera,camera/1490992742963912813.jpg
1490992743005520002,1368,1096,camera,camera/1490992743005520002.jpg
1490992743047179542,1368,1096,camera,camera/1490992743047179542.jpg
1490992743088738910,1368,1096,camera,camera/1490992743088738910.jpg
1490992743130466170,1368,1096,camera,camera/1490992743130466170.jpg
1490992743172140013,1368,1096,camera,camera/1490992743172140013.jpg
1490992743213870657,1368,1096,camera,camera/1490992743213870657.jpg
1490992743255491811,1368,1096,camera,camera/1490992743255491811.jpg
1490992743297107783,1368,1096,camera,camera/1490992743297107783.jpg
1490992743338736694,1368,1096,camera,camera/1490992743338736694.jpg
1490992743382877726,1368,1096,camera,camera/1490992743382877726.jpg
1490992743422085092,1368,1096,camera,camera/1490992743422085092.jpg
1490992743463796721,1368,1096,camera,camera/1490992743463796721.jpg
1490992743505444105,1368,1096,camera,camera/1490992743505444105.jpg
1490992743547140015,1368,1096,camera,camera/1490992743547140015.jpg
1490992743591200752,1368,1096,camera,camera/1490992743591200752.jpg
1490992743630403401,1368,1096,camera,camera/1490992743630403401.jpg
1490992743672135664,1368,1096,camera,camera/1490992743672135664.jpg
1490992743713771167,1368,1096,camera,camera/1490992743713771167.jpg
1490992743755464701,1368,1096,camera,camera/1490992743755464701.jpg
1490992743799503175,1368,1096,camera,camera/1490992743799503175.jpg
1490992743838945986,1368,1096,camera,camera/1490992743838945986.jpg
1490992743880573801,1368,1096,camera,camera/1490992743880573801.jpg
1490992743922085579,1368,1096,camera,camera/1490992743922085579.jpg
1490992743963885308,1368,1096,camera,camera/1490992743963885308.jpg
1490992744007896980,1368,1096,camera,camera/1490992744007896980.jpg
1490992744047175512,1368,1096,camera,camera/1490992744047175512.jpg
1490992744088761125,1368,1096,camera,camera/1490992744088761125.jpg
1490992744130497134,1368,1096,camera,camera/1490992744130497134.jpg
1490992744172073560,1368,1096,camera,camera/1490992744172073560.jpg
1490992744216214927,1368,1096,camera,camera/1490992744216214927.jpg
1490992744255454795,1368,1096,camera,camera/1490992744255454795.jpg
1490992744297203937,1368,1096,camera,camera/1490992744297203937.jpg
1490992744338914828,1368,1096,camera,camera/1490992744338914828.jpg
1490992744380536555,1368,1096,camera,camera/1490992744380536555.jpg
1490992744422069735,1368,1096,camera,camera/1490992744422069735.jpg
1490992744463898645,1368,1096,camera,camera/1490992744463898645.jpg
1490992744505433115,1368,1096,camera,camera/1490992744505433115.jpg
1490992744547202248,1368,1096,camera,camera/1490992744547202248.jpg
1490992744588780683,1368,1096,camera,camera/1490992744588780683.jpg
1490992744632867341,1368,1096,camera,camera/1490992744632867341.jpg
1490992744672070092,1368,1096,camera,camera/1490992744672070092.jpg
1490992744713731893,1368,1096,camera,camera/1490992744713731893.jpg
1490992744755473738,1368,1096,camera,camera/1490992744755473738.jpg
1490992744797089721,1368,1096,camera,camera/1490992744797089721.jpg
1490992744841270322,1368,1096,camera,camera/1490992744841270322.jpg
1490992744880500992,1368,1096,camera,camera/1490992744880500992.jpg
1490992744922070704,1368,1096,camera,camera/1490992744922070704.jpg
1490992744963822052,1368,1096,camera,camera/1490992744963822052.jpg
1490992745005513121,1368,1096,camera,camera/1490992745005513121.jpg
1490992745049588445,1368,1096,camera,camera/1490992745049588445.jpg
1490992745088738960,1368,1096,camera,camera/1490992745088738960.jpg
1490992745130501712,1368,1096,camera,camera/1490992745130501712.jpg
1490992745172068901,1368,1096,camera,camera/1490992745172068901.jpg
1490992745213750872,1368,1096,camera,camera/1490992745213750872.jpg
1490992745257877189,1368,1096,camera,camera/1490992745257877189.jpg
1490992745297080479,1368,1096,camera,camera/1490992745297080479.jpg
1490992745338939051,1368,1096,camera,camera/1490992745338939051.jpg
1490992745380716636,1368,1096,camera,camera/1490992745380716636.jpg
1490992745422143865,1368,1096,camera,camera/1490992745422143865.jpg
1490992745466218549,1368,1096,camera,camera/1490992745466218549.jpg
1490992745505431395,1368,1096,camera,camera/1490992745505431395.jpg
1490992745547173285,1368,1096,camera,camera/1490992745547173285.jpg
1490992745588766698,1368,1096,camera,camera/1490992745588766698.jpg
1490992745630457897,1368,1096,camera,camera/1490992745630457897.jpg
1490992745674538118,1368,1096,camera,camera/1490992745674538118.jpg
1490992745713777610,1368,1096,camera,camera/1490992745713777610.jpg
1490992745755478527,1368,1096,camera,camera/1490992745755478527.jpg
1490992745797124433,1368,1096,camera,camera/1490992745797124433.jpg
1490992745838840000,1368,1096,camera,camera/1490992745838840000.jpg
1490992745882947577,1368,1096,camera,camera/1490992745882947577.jpg
1490992745922289858,1368,1096,camera,camera/1490992745922289858.jpg
1490992745963891482,1368,1096,camera,camera/1490992745963891482.jpg
1490992746005503099,1368,1096,camera,camera/1490992746005503099.jpg
1490992746047124221,1368,1096,camera,camera/1490992746047124221.jpg
1490992746091250235,1368,1096,camera,camera/1490992746091250235.jpg
1490992746130590003,1368,1096,camera,camera/1490992746130590003.jpg
1490992746172197243,1368,1096,camera,camera/1490992746172197243.jpg
1490992746213783475,1368,1096,camera,camera/1490992746213783475.jpg
1490992746255490355,1368,1096,camera,camera/1490992746255490355.jpg
1490992746299513170,1368,1096,camera,camera/1490992746299513170.jpg
1490992746338812509,1368,1096,camera,camera/1490992746338812509.jpg
1490992746380471263,1368,1096,camera,camera/1490992746380471263.jpg
1490992746422137307,1368,1096,camera,camera/1490992746422137307.jpg
1490992746463791804,1368,1096,camera,camera/1490992746463791804.jpg
1490992746507863328,1368,1096,camera,camera/1490992746507863328.jpg
1490992746547105631,1368,1096,camera,camera/1490992746547105631.jpg
1490992746588752756,1368,1096,camera,camera/1490992746588752756.jpg
1490992746630504938,1368,1096,camera,camera/1490992746630504938.jpg
1490992746672218940,1368,1096,camera,camera/1490992746672218940.jpg
1490992746716219388,1368,1096,camera,camera/1490992746716219388.jpg
1490992746755458543,1368,1096,camera,camera/1490992746755458543.jpg
1490992746797160624,1368,1096,camera,camera/1490992746797160624.jpg
1490992746838798647,1368,1096,camera,camera/1490992746838798647.jpg
1490992746880642620,1368,1096,camera,camera/1490992746880642620.jpg
1490992746924559014,1368,1096,camera,camera/1490992746924559014.jpg
1490992746963819333,1368,1096,camera,camera/1490992746963819333.jpg
1490992747005426824,1368,1096,camera,camera/1490992747005426824.jpg
1490992747047251669,1368,1096,camera,camera/1490992747047251669.jpg
1490992747088778306,1368,1096,camera,camera/1490992747088778306.jpg
1490992747132804108,1368,1096,camera,camera/1490992747132804108.jpg
1490992747172075575,1368,1096,camera,camera/1490992747172075575.jpg
1490992747213877295,1368,1096,camera,camera/1490992747213877295.jpg
1490992747255447824,1368,1096,camera,camera/1490992747255447824.jpg
1490992747297122065,1368,1096,camera,camera/1490992747297122065.jpg
1490992747341285670,1368,1096,camera,camera/1490992747341285670.jpg
1490992747380553932,1368,1096,camera,camera/1490992747380553932.jpg
1490992747422166679,1368,1096,camera,camera/1490992747422166679.jpg
1490992747463931082,1368,1096,camera,camera/1490992747463931082.jpg
1490992747505478596,1368,1096,camera,camera/1490992747505478596.jpg
1490992747549487861,1368,1096,camera,camera/1490992747549487861.jpg
1490992747588803253,1368,1096,camera,camera/1490992747588803253.jpg
1490992747630461469,1368,1096,camera,camera/1490992747630461469.jpg
1490992747672120902,1368,1096,camera,camera/1490992747672120902.jpg
1490992747713900735,1368,1096,camera,camera/1490992747713900735.jpg
1490992747757914280,1368,1096,camera,camera/1490992747757914280.jpg
1490992747797107872,1368,1096,camera,camera/1490992747797107872.jpg
1490992747838826698,1368,1096,camera,camera/1490992747838826698.jpg
1490992747880489936,1368,1096,camera,camera/1490992747880489936.jpg
1490992747922144017,1368,1096,camera,camera/1490992747922144017.jpg
1490992747966230438,1368,1096,camera,camera/1490992747966230438.jpg
1490992748005469641,1368,1096,camera,camera/1490992748005469641.jpg
1490992748047117722,1368,1096,camera,camera/1490992748047117722.jpg
1490992748088778772,1368,1096,camera,camera/1490992748088778772.jpg
1490992748130474976,1368,1096,camera,camera/1490992748130474976.jpg
1490992748174550802,1368,1096,camera,camera/1490992748174550802.jpg
1490992748213765501,1368,1096,camera,camera/1490992748213765501.jpg
1490992748255416039,1368,1096,camera,camera/1490992748255416039.jpg
1490992748297066636,1368,1096,camera,camera/1490992748297066636.jpg
1490992748338810157,1368,1096,camera,camera/1490992748338810157.jpg
1490992748382908041,1368,1096,camera,camera/1490992748382908041.jpg
1490992748422101901,1368,1096,camera,camera/1490992748422101901.jpg
1490992748463850567,1368,1096,camera,camera/1490992748463850567.jpg
1490992748505474928,1368,1096,camera,camera/1490992748505474928.jpg
1490992748547120816,1368,1096,camera,camera/1490992748547120816.jpg
1490992748591235083,1368,1096,camera,camera/1490992748591235083.jpg
1490992748630420611,1368,1096,camera,camera/1490992748630420611.jpg
1490992748672094451,1368,1096,camera,camera/1490992748672094451.jpg
1490992748713790981,1368,1096,camera,camera/1490992748713790981.jpg
1490992748755451463,1368,1096,camera,camera/1490992748755451463.jpg
1490992748799530602,1368,1096,camera,camera/1490992748799530602.jpg
1490992748838823619,1368,1096,camera,camera/1490992748838823619.jpg
1490992748880509100,1368,1096,camera,camera/1490992748880509100.jpg
1490992748922111472,1368,1096,camera,camera/1490992748922111472.jpg
1490992748963787867,1368,1096,camera,camera/1490992748963787867.jpg
1490992749007876405,1368,1096,camera,camera/1490992749007876405.jpg
1490992749047076331,1368,1096,camera,camera/1490992749047076331.jpg
1490992749088886439,1368,1096,camera,camera/1490992749088886439.jpg
1490992749130493878,1368,1096,camera,camera/1490992749130493878.jpg
1490992749172121463,1368,1096,camera,camera/1490992749172121463.jpg
1490992749216201207,1368,1096,camera,camera/1490992749216201207.jpg
1490992749255441903,1368,1096,camera,camera/1490992749255441903.jpg
1490992749297133630,1368,1096,camera,camera/1490992749297133630.jpg
1490992749338790131,1368,1096,camera,camera/1490992749338790131.jpg
1490992749380440695,1368,1096,camera,camera/1490992749380440695.jpg
1490992749422132384,1368,1096,camera,camera/1490992749422132384.jpg
1490992749463886771,1368,1096,camera,camera/1490992749463886771.jpg
1490992749505413307,1368,1096,camera,camera/1490992749505413307.jpg
1490992749547084207,1368,1096,camera,camera/1490992749547084207.jpg
1490992749588738664,1368,1096,camera,camera/1490992749588738664.jpg
1490992749630481667,1368,1096,camera,camera/1490992749630481667.jpg
1490992749672144523,1368,1096,camera,camera/1490992749672144523.jpg
1490992749713791519,1368,1096,camera,camera/1490992749713791519.jpg
1490992749755578938,1368,1096,camera,camera/1490992749755578938.jpg
1490992749797083881,1368,1096,camera,camera/1490992749797083881.jpg
1490992749838753592,1368,1096,camera,camera/1490992749838753592.jpg
1490992749880444322,1368,1096,camera,camera/1490992749880444322.jpg
1490992749922174532,1368,1096,camera,camera/1490992749922174532.jpg
1490992749963767188,1368,1096,camera,camera/1490992749963767188.jpg
1490992750005467705,1368,1096,camera,camera/1490992750005467705.jpg
1490992750047095657,1368,1096,camera,camera/1490992750047095657.jpg
1490992750088806333,1368,1096,camera,camera/1490992750088806333.jpg
1490992750130529209,1368,1096,camera,camera/1490992750130529209.jpg
1490992750172106487,1368,1096,camera,camera/1490992750172106487.jpg
1490992750213853407,1368,1096,camera,camera/1490992750213853407.jpg
1490992750255473547,1368,1096,camera,camera/1490992750255473547.jpg
1490992750297078537,1368,1096,camera,camera/1490992750297078537.jpg
1490992750338842305,1368,1096,camera,camera/1490992750338842305.jpg
1490992750380541315,1368,1096,camera,camera/1490992750380541315.jpg
1490992750422143672,1368,1096,camera,camera/1490992750422143672.jpg
1490992750463857627,1368,1096,camera,camera/1490992750463857627.jpg
1490992750505406904,1368,1096,camera,camera/1490992750505406904.jpg
1490992750547204929,1368,1096,camera,camera/1490992750547204929.jpg
1490992750588802827,1368,1096,camera,camera/1490992750588802827.jpg
1490992750630460474,1368,1096,camera,camera/1490992750630460474.jpg
1490992750672302434,1368,1096,camera,camera/1490992750672302434.jpg
1490992750713802266,1368,1096,camera,camera/1490992750713802266.jpg
1490992750755467691,1368,1096,camera,camera/1490992750755467691.jpg
1490992750797151682,1368,1096,camera,camera/1490992750797151682.jpg
1490992750838784325,1368,1096,camera,camera/1490992750838784325.jpg
1490992750880596248,1368,1096,camera,camera/1490992750880596248.jpg
1490992750922128245,1368,1096,camera,camera/1490992750922128245.jpg
1490992750963784148,1368,1096,camera,camera/1490992750963784148.jpg
1490992751005455230,1368,1096,camera,camera/1490992751005455230.jpg
1490992751047248836,1368,1096,camera,camera/1490992751047248836.jpg
1490992751088917998,1368,1096,camera,camera/1490992751088917998.jpg
1490992751130638016,1368,1096,camera,camera/1490992751130638016.jpg
1490992751174582218,1368,1096,camera,camera/1490992751174582218.jpg
1490992751213884392,1368,1096,camera,camera/1490992751213884392.jpg
1490992751255507319,1368,1096,camera,camera/1490992751255507319.jpg
1490992751297081011,1368,1096,camera,camera/1490992751297081011.jpg
1490992751338852359,1368,1096,camera,camera/1490992751338852359.jpg
1490992751382888328,1368,1096,camera,camera/1490992751382888328.jpg
1490992751422135238,1368,1096,camera,camera/1490992751422135238.jpg
1490992751463805604,1368,1096,camera,camera/1490992751463805604.jpg
1490992751505437596,1368,1096,camera,camera/1490992751505437596.jpg
1490992751547175579,1368,1096,camera,camera/1490992751547175579.jpg
1490992751591249428,1368,1096,camera,camera/1490992751591249428.jpg
1490992751630445905,1368,1096,camera,camera/1490992751630445905.jpg
1490992751672175367,1368,1096,camera,camera/1490992751672175367.jpg
1490992751713799563,1368,1096,camera,camera/1490992751713799563.jpg
1490992751755463464,1368,1096,camera,camera/1490992751755463464.jpg
1490992751799473962,1368,1096,camera,camera/1490992751799473962.jpg
1490992751838791657,1368,1096,camera,camera/1490992751838791657.jpg
1490992751880437945,1368,1096,camera,camera/1490992751880437945.jpg
1490992751922103649,1368,1096,camera,camera/1490992751922103649.jpg
1490992751963810630,1368,1096,camera,camera/1490992751963810630.jpg
1490992752007879788,1368,1096,camera,camera/1490992752007879788.jpg
1490992752047117934,1368,1096,camera,camera/1490992752047117934.jpg
1490992752088840673,1368,1096,camera,camera/1490992752088840673.jpg
1490992752130477046,1368,1096,camera,camera/1490992752130477046.jpg
1490992752172228906,1368,1096,camera,camera/1490992752172228906.jpg
1490992752216205964,1368,1096,camera,camera/1490992752216205964.jpg
1490992752255447234,1368,1096,camera,camera/1490992752255447234.jpg
1490992752297091825,1368,1096,camera,camera/1490992752297091825.jpg
1490992752338850839,1368,1096,camera,camera/1490992752338850839.jpg
1490992752380541088,1368,1096,camera,camera/1490992752380541088.jpg
1490992752424552140,1368,1096,camera,camera/1490992752424552140.jpg
1490992752463802418,1368,1096,camera,camera/1490992752463802418.jpg
1490992752505434076,1368,1096,camera,camera/1490992752505434076.jpg
1490992752547133541,1368,1096,camera,camera/1490992752547133541.jpg
1490992752588784115,1368,1096,camera,camera/1490992752588784115.jpg
1490992752635703327,1368,1096,camera,camera/1490992752635703327.jpg
1490992752672103653,1368,1096,camera,camera/1490992752672103653.jpg
1490992752713810273,1368,1096,camera,camera/1490992752713810273.jpg
1490992752755484161,1368,1096,camera,camera/1490992752755484161.jpg
1490992752797087304,1368,1096,camera,camera/1490992752797087304.jpg
1490992752841351901,1368,1096,camera,camera/1490992752841351901.jpg
1490992752880598744,1368,1096,camera,camera/1490992752880598744.jpg
1490992752922124495,1368,1096,camera,camera/1490992752922124495.jpg
1490992752963914575,1368,1096,camera,camera/1490992752963914575.jpg
1490992753005471859,1368,1096,camera,camera/1490992753005471859.jpg
1490992753049597837,1368,1096,camera,camera/1490992753049597837.jpg
1490992753088754736,1368,1096,camera,camera/1490992753088754736.jpg
1490992753130469306,1368,1096,camera,camera/1490992753130469306.jpg
1490992753172118655,1368,1096,camera,camera/1490992753172118655.jpg
1490992753213858430,1368,1096,camera,camera/1490992753213858430.jpg
1490992753257913875,1368,1096,camera,camera/1490992753257913875.jpg
1490992753297100207,1368,1096,camera,camera/1490992753297100207.jpg
1490992753338904841,1368,1096,camera,camera/1490992753338904841.jpg
1490992753380511975,1368,1096,camera,camera/1490992753380511975.jpg
1490992753422209001,1368,1096,camera,camera/1490992753422209001.jpg
1490992753463812916,1368,1096,camera,camera/1490992753463812916.jpg
1490992753505442199,1368,1096,camera,camera/1490992753505442199.jpg
1490992753547101047,1368,1096,camera,camera/1490992753547101047.jpg
1490992753588790924,1368,1096,camera,camera/1490992753588790924.jpg
1490992753630493593,1368,1096,camera,camera/1490992753630493593.jpg
1490992753672183011,1368,1096,camera,camera/1490992753672183011.jpg
1490992753713890804,1368,1096,camera,camera/1490992753713890804.jpg
1490992753755451269,1368,1096,camera,camera/1490992753755451269.jpg
1490992753797168051,1368,1096,camera,camera/1490992753797168051.jpg
1490992753838814950,1368,1096,camera,camera/1490992753838814950.jpg
1490992753880477132,1368,1096,camera,camera/1490992753880477132.jpg
1490992753922127973,1368,1096,camera,camera/1490992753922127973.jpg
1490992753963855958,1368,1096,camera,camera/1490992753963855958.jpg
1490992754005411014,1368,1096,camera,camera/1490992754005411014.jpg
1490992754047164601,1368,1096,camera,camera/1490992754047164601.jpg
1490992754088808358,1368,1096,camera,camera/1490992754088808358.jpg
1490992754130410000,1368,1096,camera,camera/1490992754130410000.jpg
1490992754172087570,1368,1096,camera,camera/1490992754172087570.jpg
1490992754213749455,1368,1096,camera,camera/1490992754213749455.jpg
1490992754255565270,1368,1096,camera,camera/1490992754255565270.jpg
1490992754297090255,1368,1096,camera,camera/1490992754297090255.jpg
1490992754338747450,1368,1096,camera,camera/1490992754338747450.jpg
1490992754380444459,1368,1096,camera,camera/1490992754380444459.jpg
1490992754422235752,1368,1096,camera,camera/1490992754422235752.jpg
1490992754463903095,1368,1096,camera,camera/1490992754463903095.jpg
1490992754505557860,1368,1096,camera,camera/1490992754505557860.jpg
1490992754547238841,1368,1096,camera,camera/1490992754547238841.jpg
1490992754588889172,1368,1096,camera,camera/1490992754588889172.jpg
1490992754630496396,1368,1096,camera,camera/1490992754630496396.jpg
1490992754672271135,1368,1096,camera,camera/1490992754672271135.jpg
1490992754713779848,1368,1096,camera,camera/1490992754713779848.jpg
1490992754755460343,1368,1096,camera,camera/1490992754755460343.jpg
1490992754797109079,1368,1096,camera,camera/1490992754797109079.jpg
1490992754838752137,1368,1096,camera,camera/1490992754838752137.jpg
1490992754880576940,1368,1096,camera,camera/1490992754880576940.jpg
1490992754922140502,1368,1096,camera,camera/1490992754922140502.jpg
1490992754963938253,1368,1096,camera,camera/1490992754963938253.jpg
1490992755006490884,1368,1096,camera,camera/1490992755006490884.jpg
1490992755047268037,1368,1096,camera,camera/1490992755047268037.jpg
1490992755088829253,1368,1096,camera,camera/1490992755088829253.jpg
1490992755130458183,1368,1096,camera,camera/1490992755130458183.jpg
1490992755172293029,1368,1096,camera,camera/1490992755172293029.jpg
1490992755213772389,1368,1096,camera,camera/1490992755213772389.jpg
1490992755255468637,1368,1096,camera,camera/1490992755255468637.jpg
1490992755297135130,1368,1096,camera,camera/1490992755297135130.jpg
1490992755338769312,1368,1096,camera,camera/1490992755338769312.jpg
1490992755380452725,1368,1096,camera,camera/1490992755380452725.jpg
1490992755422108789,1368,1096,camera,camera/1490992755422108789.jpg
1490992755463949200,1368,1096,camera,camera/1490992755463949200.jpg
1490992755505501034,1368,1096,camera,camera/1490992755505501034.jpg
1490992755547250786,1368,1096,camera,camera/1490992755547250786.jpg
1490992755588842423,1368,1096,camera,camera/1490992755588842423.jpg
1490992755630501738,1368,1096,camera,camera/1490992755630501738.jpg
1490992755672156526,1368,1096,camera,camera/1490992755672156526.jpg
1490992755713771795,1368,1096,camera,camera/1490992755713771795.jpg
1490992755755472816,1368,1096,camera,camera/1490992755755472816.jpg
1490992755797148507,1368,1096,camera,camera/1490992755797148507.jpg
1490992755838748492,1368,1096,camera,camera/1490992755838748492.jpg
1490992755880545127,1368,1096,camera,camera/1490992755880545127.jpg
1490992755922195375,1368,1096,camera,camera/1490992755922195375.jpg
1490992755963850975,1368,1096,camera,camera/1490992755963850975.jpg
1490992756005440008,1368,1096,camera,camera/1490992756005440008.jpg
1490992756047166412,1368,1096,camera,camera/1490992756047166412.jpg
1490992756088775224,1368,1096,camera,camera/1490992756088775224.jpg
1490992756130414738,1368,1096,camera,camera/1490992756130414738.jpg
1490992756172115601,1368,1096,camera,camera/1490992756172115601.jpg
1490992756213747426,1368,1096,camera,camera/1490992756213747426.jpg
1490992756255435906,1368,1096,camera,camera/1490992756255435906.jpg
1490992756297151882,1368,1096,camera,camera/1490992756297151882.jpg
1490992756338790989,1368,1096,camera,camera/1490992756338790989.jpg
1490992756380415034,1368,1096,camera,camera/1490992756380415034.jpg
1490992756422083559,1368,1096,camera,camera/1490992756422083559.jpg
1490992756463779443,1368,1096,camera,camera/1490992756463779443.jpg
1490992756505456619,1368,1096,camera,camera/1490992756505456619.jpg
1490992756547117063,1368,1096,camera,camera/1490992756547117063.jpg
1490992756588805306,1368,1096,camera,camera/1490992756588805306.jpg
1490992756630410013,1368,1096,camera,camera/1490992756630410013.jpg
1490992756672184888,1368,1096,camera,camera/1490992756672184888.jpg
1490992756713960924,1368,1096,camera,camera/1490992756713960924.jpg
1490992756755561591,1368,1096,camera,camera/1490992756755561591.jpg
1490992756797101098,1368,1096,camera,camera/1490992756797101098.jpg
1490992756838788263,1368,1096,camera,camera/1490992756838788263.jpg
1490992756880498867,1368,1096,camera,camera/1490992756880498867.jpg
1490992756922138648,1368,1096,camera,camera/1490992756922138648.jpg
1490992756966238390,1368,1096,camera,camera/1490992756966238390.jpg
1490992757005511216,1368,1096,camera,camera/1490992757005511216.jpg
1490992757047145808,1368,1096,camera,camera/1490992757047145808.jpg
1490992757088783129,1368,1096,camera,camera/1490992757088783129.jpg
1490992757130510025,1368,1096,camera,camera/1490992757130510025.jpg
1490992757174569987,1368,1096,camera,camera/1490992757174569987.jpg
1490992757213756636,1368,1096,camera,camera/1490992757213756636.jpg
1490992757255516655,1368,1096,camera,camera/1490992757255516655.jpg
1490992757297163394,1368,1096,camera,camera/1490992757297163394.jpg
1490992757338786804,1368,1096,camera,camera/1490992757338786804.jpg
1490992757382888597,1368,1096,camera,camera/1490992757382888597.jpg
1490992757422292012,1368,1096,camera,camera/1490992757422292012.jpg
1490992757463787687,1368,1096,camera,camera/1490992757463787687.jpg
1490992757505482115,1368,1096,camera,camera/1490992757505482115.jpg
1490992757547120809,1368,1096,camera,camera/1490992757547120809.jpg
1490992757591272531,1368,1096,camera,camera/1490992757591272531.jpg
1490992757630422955,1368,1096,camera,camera/1490992757630422955.jpg
1490992757672369595,1368,1096,camera,camera/1490992757672369595.jpg
1490992757713835395,1368,1096,camera,camera/1490992757713835395.jpg
1490992757755458897,1368,1096,camera,camera/1490992757755458897.jpg
1490992757797148361,1368,1096,camera,camera/1490992757797148361.jpg
1490992757838908177,1368,1096,camera,camera/1490992757838908177.jpg
1490992757880532868,1368,1096,camera,camera/1490992757880532868.jpg
1490992757922311452,1368,1096,camera,camera/1490992757922311452.jpg
1490992757963847975,1368,1096,camera,camera/1490992757963847975.jpg
1490992758005528133,1368,1096,camera,camera/1490992758005528133.jpg
1490992758047146206,1368,1096,camera,camera/1490992758047146206.jpg
1490992758088752066,1368,1096,camera,camera/1490992758088752066.jpg
1490992758130473569,1368,1096,camera,camera/1490992758130473569.jpg
1490992758172194021,1368,1096,camera,camera/1490992758172194021.jpg
1490992758213861220,1368,1096,camera,camera/1490992758213861220.jpg
1490992758256011143,1368,1096,camera,camera/1490992758256011143.jpg
1490992758297106785,1368,1096,camera,camera/1490992758297106785.jpg
1490992758338830893,1368,1096,camera,camera/1490992758338830893.jpg
1490992758380543372,1368,1096,camera,camera/1490992758380543372.jpg
1490992758422193830,1368,1096,camera,camera/1490992758422193830.jpg
